,Underlying,Ticker,Type,Expiration,YTE,DTE,Strike,Last,Bid,Ask,Midpoint,Spread,IV,NPV,Delta,Gamma,Theta,AKA
0,88.98999786376953,DELL,Call,2021-04-17,0.0547945205479452,20,40.0,32.0,32.75,33.95,33.35,1.2000000000000028,1.0000000000000003e-05,48.99023126806822,1.0000000366041852,4.975946758547362e-10,-1.095781248544872e-05,DELL210416C00040000
1,88.98999786376953,DELL,Call,2021-04-17,0.0547945205479452,20,45.0,37.79,41.55,46.4,43.974999999999994,4.850000000000001,2.5205115112304686,43.990260035111795,1.000000036604205,4.980766489493647e-10,-1.2327667875961013e-05,DELL210416C00045000
2,88.98999786376953,DELL,Call,2021-04-17,0.0547945205479452,20,50.0,29.69,33.7,38.0,35.85,4.299999999999997,1.0000000000000003e-05,38.99028880215535,1.0000000366042092,4.992231885191567e-10,-1.369752321623291e-05,DELL210416C00050000
3,88.98999786376953,DELL,Call,2021-04-17,0.0547945205479452,20,52.5,32.5,35.05,37.8,36.425,2.75,1.7158217333984376,36.49030318567706,1.0000000366044084,4.961491064937936e-10,-1.4382450958140852e-05,DELL210416C00052500
4,88.98999786376953,DELL,Call,2021-04-17,0.0547945205479452,20,55.0,29.93,32.6,34.9,33.75,2.299999999999997,1.4477566674804687,33.99031756919887,1.0000000366043202,4.967266103462981e-10,-1.5067378656985599e-05,DELL210416C00055000
5,88.98999786376953,DELL,Call,2021-04-17,0.0547945205479452,20,57.5,25.97,30.55,33.1,31.825000000000003,2.5500000000000007,1.0712937060546879,31.490445625391928,1.0000043889970847,1.0984119485598144e-07,-1.590009319448939e-05,DELL210416C00057500
6,88.98999786376953,DELL,Call,2021-04-17,0.0547945205479452,20,60.0,29.27,28.4,30.6,29.5,2.200000000000003,1.0732468212890627,28.990472539484973,1.0000040285128404,8.476790921822573e-07,-1.7370085803384317e-05,DELL210416C00060000
7,88.98999786376953,DELL,Call,2021-04-17,0.0547945205479452,20,62.5,26.1,25.8,27.5,26.65,1.6999999999999993,0.7812521875,26.490506961657747,0.9999941257132396,6.95654484883536e-06,-2.4847990938450946e-05,DELL210416C00062500
8,88.98999786376953,DELL,Call,2021-04-17,0.0547945205479452,20,65.0,23.7,23.45,24.35,23.9,0.9000000000000021,0.8251970605468748,23.990649142911224,0.9999231540566063,4.429158240531426e-05,-6.88743387655677e-05,DELL210416C00065000
9,88.98999786376953,DELL,Call,2021-04-17,0.0547945205479452,20,67.5,18.95,21.0,23.15,22.075,2.1499999999999986,0.8320329296874999,21.491414226009145,0.9995540481761911,0.00021577568529512512,-0.00027628959187848756,DELL210416C00067500
10,88.98999786376953,DELL,Call,2021-04-17,0.0547945205479452,20,70.0,15.1,18.05,19.6,18.825000000000003,1.5500000000000007,0.7534204345703125,18.99485290828353,0.9980653518492524,0.0008218863107618319,-0.0010319886834989779,DELL210416C00070000
11,88.98999786376953,DELL,Call,2021-04-17,0.0547945205479452,20,72.5,12.5,16.15,16.75,16.45,0.6000000000000014,0.543949873046875,16.50736131044227,0.9932813683901336,0.002505475696256184,-0.0031884674846223773,DELL210416C00072500
12,88.98999786376953,DELL,Call,2021-04-17,0.0547945205479452,20,75.0,13.0,13.7,14.2,13.95,0.5,0.44922425781249997,14.044805711295774,0.9807686151703936,0.006240266032165318,-0.008082984094116126,DELL210416C00075000
13,88.98999786376953,DELL,Call,2021-04-17,0.0547945205479452,20,77.5,11.1,11.35,11.75,11.55,0.40000000000000036,0.397466962890625,11.638889844130054,0.9536300966580931,0.012936091516160087,-0.017023271798020077,DELL210416C00077500
14,88.98999786376953,DELL,Call,2021-04-17,0.0547945205479452,20,80.0,8.6,9.05,9.35,9.2,0.29999999999999893,0.3540103662109374,9.341049722566677,0.9040078591722399,0.022688875838960804,-0.030238774960934762,DELL210416C00080000
15,88.98999786376953,DELL,Call,2021-04-17,0.0547945205479452,20,82.5,6.2,6.75,7.0,6.875,0.25,0.309577216796875,7.219047561199553,0.8263762054117121,0.03416717398051614,-0.04596353173612095,DELL210416C00082500
16,88.98999786376953,DELL,Call,2021-04-17,0.0547945205479452,20,85.0,4.85,4.65,4.95,4.800000000000001,0.2999999999999998,0.2951730639648437,5.344260278098785,0.7210785975773017,0.04475797751118169,-0.06057880985957572,DELL210416C00085000
17,88.98999786376953,DELL,Call,2021-04-17,0.0547945205479452,20,87.5,3.0,3.1,3.25,3.175,0.1499999999999999,0.2880930566406249,3.7734460941465087,0.59577195704313,0.05160436614475433,-0.07005850347477006,DELL210416C00087500
18,88.98999786376953,DELL,Call,2021-04-17,0.0547945205479452,20,90.0,1.92,1.87,2.0,1.935,0.1299999999999999,0.28882547119140617,2.5330820088309665,0.46353589112128085,0.0529209079968292,-0.07186197499188914,DELL210416C00090000
19,88.98999786376953,DELL,Call,2021-04-17,0.0547945205479452,20,92.5,1.01,1.06,1.16,1.1099999999999999,0.09999999999999987,0.2924875439453124,1.6134543358513875,0.3385855592222904,0.04873133288943378,-0.06601554107406084,DELL210416C00092500
20,88.98999786376953,DELL,Call,2021-04-17,0.0547945205479452,20,95.0,0.53,0.52,0.6,0.56,0.07999999999999996,0.29053443847656246,0.9742568274712269,0.23194361221377283,0.040639371896535686,-0.05479098692650344,DELL210416C00095000
21,88.98999786376953,DELL,Call,2021-04-17,0.0547945205479452,20,97.5,0.27,0.27,0.33,0.30000000000000004,0.06,0.3012765185546875,0.5577198120558137,0.14908088626265048,0.0309319056401334,-0.041413087661399374,DELL210416C00097500
22,88.98999786376953,DELL,Call,2021-04-17,0.0547945205479452,20,100.0,0.11,0.13,0.17,0.15000000000000002,0.04000000000000001,0.30762411132812495,0.3029146083097847,0.09003986528280425,0.02163906704002284,-0.028712045810678582,DELL210416C00100000
23,88.98999786376953,DELL,Call,2021-04-17,0.0547945205479452,20,105.0,0.09,0.01,0.19,0.1,0.18,0.414068359375,0.07675030828169618,0.027499568715073267,0.00843089292193787,-0.01092854015867586,DELL210416C00105000
24,88.98999786376953,DELL,Call,2021-04-17,0.0547945205479452,20,110.0,0.1,0.0,0.51,0.255,0.51,0.5327195166015625,0.016078692263397816,0.006749296239342102,0.0025135310919566648,-0.003163368543504663,DELL210416C00110000
25,88.98999786376953,DELL,Call,2021-04-17,0.0547945205479452,20,115.0,0.1,0.0,0.28,0.14,0.28,0.5556685058593751,0.002833387069636694,0.001362115402219617,0.0005952393012093676,-0.0007236592532974503,DELL210416C00115000
26,88.98999786376953,DELL,Call,2021-04-17,0.0547945205479452,20,120.0,0.08,0.0,3.9,1.95,3.9,1.1396527392578126,0.0004274974831955842,0.00023113603066719727,0.00011553562404909869,-0.00013514633908242115,DELL210416C00120000
27,88.98999786376953,DELL,Call,2021-05-22,0.1506849315068493,55,75.0,13.25,14.1,14.5,14.3,0.40000000000000036,0.33960621337890623,14.56955025172396,0.9050064840019804,0.013787608234752375,-0.018473158581044362,DELL210521C00075000
28,88.98999786376953,DELL,Call,2021-05-22,0.1506849315068493,55,80.0,7.11,9.65,10.05,9.850000000000001,0.40000000000000036,0.3086006640625,10.453652491626972,0.8001335451878541,0.022828941323813093,-0.030703082526964662,DELL210521C00080000
29,88.98999786376953,DELL,Call,2021-05-22,0.1506849315068493,55,82.5,9.31,7.7,8.05,7.875,0.35000000000000053,0.29834686035156244,8.646959000603193,0.7319478981333968,0.026874571512985588,-0.036187886934446974,DELL210521C00082500
30,88.98999786376953,DELL,Call,2021-05-22,0.1506849315068493,55,90.0,3.39,3.25,3.45,3.35,0.20000000000000018,0.2815013256835937,4.426534447140564,0.4948425624474727,0.03254066101040222,-0.043867648328668206,DELL210521C00090000
31,88.98999786376953,DELL,Call,2021-05-22,0.1506849315068493,55,92.5,2.17,2.14,2.62,2.38,0.48,0.2921213366699218,3.4234845189675664,0.4161217802036424,0.03182135479345902,-0.04288267665188546,DELL210521C00092500
32,88.98999786376953,DELL,Call,2021-05-22,0.1506849315068493,55,95.0,1.55,1.56,1.7,1.63,0.1399999999999999,0.2790599438476562,2.604100599757305,0.3425854344366589,0.029975835895701814,-0.040368078935445105,DELL210521C00095000
33,88.98999786376953,DELL,Call,2021-05-22,0.1506849315068493,55,97.5,0.95,1.0,1.19,1.095,0.18999999999999995,0.2830882238769531,1.9488889519312418,0.27626259709760204,0.027280340311979966,-0.036702046444149,DELL210521C00097500
34,88.98999786376953,DELL,Call,2021-05-22,0.1506849315068493,55,100.0,0.74,0.7,0.78,0.74,0.08000000000000007,0.282233740234375,1.4356626614055494,0.21835247012330533,0.024049413648199788,-0.032314518075617936,DELL210521C00100000
35,88.98999786376953,DELL,Call,2021-05-22,0.1506849315068493,55,115.0,0.22,0.01,0.18,0.095,0.16999999999999998,0.35547519531249994,0.1699656393370015,0.03653932519113775,0.00652947539787894,-0.008666020886743056,DELL210521C00115000
36,88.98999786376953,DELL,Call,2021-07-17,0.3041095890410959,111,30.0,43.0,46.55,47.95,47.25,1.4000000000000057,1.0000000000000003e-05,58.990935286947455,1.000000189743261,2.2281842627625947e-09,-8.213013385880968e-06,DELL210716C00030000
37,88.98999786376953,DELL,Call,2021-07-17,0.3041095890410959,111,40.0,39.95,43.1,48.0,45.55,4.899999999999999,1.0000000000000003e-05,48.99161083834766,0.9999955532380144,3.446527910893465e-06,-1.5470840490176368e-05,DELL210716C00040000
38,88.98999786376953,DELL,Call,2021-07-17,0.3041095890410959,111,42.5,26.95,25.8,27.65,26.725,1.8499999999999979,1.0000000000000003e-05,46.491837499193636,0.9999590020393676,1.1951612467635054e-05,-2.7258942516898125e-05,DELL210716C00042500
39,88.98999786376953,DELL,Call,2021-07-17,0.3041095890410959,111,45.0,28.97,28.95,32.2,30.575000000000003,3.2500000000000036,1.0000000000000003e-05,43.99241138749826,0.9998483611946096,3.5681714688221885e-05,-5.90865375392645e-05,DELL210716C00045000
40,88.98999786376953,DELL,Call,2021-07-17,0.3041095890410959,111,47.5,24.92,25.25,27.3,26.275,2.0500000000000007,1.0000000000000003e-05,41.49390405333435,0.9995589075656235,9.304907700852847e-05,-0.00013536399173909154,DELL210716C00047500
41,88.98999786376953,DELL,Call,2021-07-17,0.3041095890410959,111,50.0,34.75,36.6,41.5,39.05,4.899999999999999,0.96679720703125,38.99752179668301,0.998890114251285,0.0002153258240111887,-0.00029775282480053503,DELL210716C00050000
42,88.98999786376953,DELL,Call,2021-07-17,0.3041095890410959,111,52.5,22.14,25.0,25.5,25.25,0.5,1.0000000000000003e-05,36.505530879534604,0.9975031892405903,0.0004486130113983638,-0.0006079509757749503,DELL210716C00052500
43,88.98999786376953,DELL,Call,2021-07-17,0.3041095890410959,111,55.0,31.0,33.15,34.5,33.825,1.3500000000000014,0.5483443603515626,34.02176878087247,0.9948873896351477,0.000852091021754665,-0.0011454859514008194,DELL210716C00055000
44,88.98999786376953,DELL,Call,2021-07-17,0.3041095890410959,111,57.5,18.62,25.4,28.2,26.799999999999997,2.8000000000000007,1.0000000000000003e-05,31.552156220459437,0.9903502069340939,0.0014913970100661276,-0.001998930551340722,DELL210716C00057500
45,88.98999786376953,DELL,Call,2021-07-17,0.3041095890410959,111,60.0,29.07,28.2,30.15,29.174999999999997,1.9499999999999993,0.5695843823242188,29.105092286459445,0.9830434977604983,0.002427580058316253,-0.0032510779584469557,DELL210716C00060000
46,88.98999786376953,DELL,Call,2021-07-17,0.3041095890410959,111,62.5,25.92,26.15,27.25,26.7,1.1000000000000014,0.4670463452148438,26.691613368968415,0.9720294003641795,0.0037037784341744295,-0.004960932634620467,DELL210716C00062500
47,88.98999786376953,DELL,Call,2021-07-17,0.3041095890410959,111,65.0,22.9,22.85,26.25,24.55,3.3999999999999986,0.5946085461425781,24.32523024301803,0.9563791740854407,0.005332843184106965,-0.007146874983323132,DELL210716C00065000
48,88.98999786376953,DELL,Call,2021-07-17,0.3041095890410959,111,67.5,18.67,21.75,22.2,21.975,0.4499999999999993,0.37842418457031246,22.021417624062053,0.9352887410676531,0.007289165627676918,-0.009775409564917304,DELL210716C00067500
49,88.98999786376953,DELL,Call,2021-07-17,0.3041095890410959,111,70.0,17.3,19.25,20.25,19.75,1.0,0.4023497265625,19.796799434737128,0.9081897899741026,0.009506996237825638,-0.012758528188639658,DELL210716C00070000
50,88.98999786376953,DELL,Call,2021-07-17,0.3041095890410959,111,72.5,18.4,17.2,17.95,17.575,0.75,0.37842418457031246,17.668131073336482,0.8748361334926144,0.011885356359839293,-0.01596048752264161,DELL210716C00072500
51,88.98999786376953,DELL,Call,2021-07-17,0.3041095890410959,111,75.0,13.07,15.25,15.55,15.4,0.3000000000000007,0.34326828613281246,15.651213906769074,0.8353507492770436,0.014299178822882327,-0.0192125210624355,DELL210716C00075000
52,88.98999786376953,DELL,Call,2021-07-17,0.3041095890410959,111,77.5,11.1,13.1,13.5,13.3,0.40000000000000036,0.33313655151367194,13.759881130300622,0.7902274433013498,0.016613669050167493,-0.022332363954026616,DELL210716C00077500
53,88.98999786376953,DELL,Call,2021-07-17,0.3041095890410959,111,80.0,8.85,11.35,11.65,11.5,0.3000000000000007,0.32923034057617184,12.005172008337722,0.7402898053442938,0.018699416596887383,-0.02514481095341582,DELL210716C00080000
54,88.98999786376953,DELL,Call,2021-07-17,0.3041095890410959,111,82.5,9.7,9.55,9.9,9.725000000000001,0.34999999999999964,0.3232489550781249,10.394772214980847,0.6866169996300714,0.020445690841849985,-0.027499833782197346,DELL210716C00082500
55,88.98999786376953,DELL,Call,2021-07-17,0.3041095890410959,111,85.0,7.75,8.05,8.3,8.175,0.25,0.31763377685546873,8.932751852747897,0.630449759547605,0.02177029868293416,-0.029285779425959127,DELL210716C00085000
56,88.98999786376953,DELL,Call,2021-07-17,0.3041095890410959,111,87.5,5.9,6.6,6.9,6.75,0.3000000000000007,0.31445998046874996,7.619590888323527,0.5730907711296691,0.02262445437750618,-0.030436452352728127,DELL210716C00087500
57,88.98999786376953,DELL,Call,2021-07-17,0.3041095890410959,111,90.0,5.5,5.35,5.75,5.55,0.40000000000000036,0.31592480957031244,6.452448960881155,0.5158117807898966,0.02299357781393866,-0.030932117492332822,DELL210716C00090000
58,88.98999786376953,DELL,Call,2021-07-17,0.3041095890410959,111,92.5,3.85,4.4,4.7,4.550000000000001,0.2999999999999998,0.3145820495605468,5.425617091242624,0.4597764765559875,0.022894589284403907,-0.030795392659558364,DELL210716C00092500
59,88.98999786376953,DELL,Call,2021-07-17,0.3041095890410959,111,95.0,3.35,3.55,3.75,3.65,0.20000000000000018,0.31055376953124997,4.53108196306997,0.4059842287114232,0.022369648539799225,-0.030083535028502587,DELL210716C00095000
60,88.98999786376953,DELL,Call,2021-07-17,0.3041095890410959,111,97.5,2.53,2.71,3.05,2.88,0.33999999999999986,0.31250687499999996,3.7591365657000586,0.3552361622410339,0.021479482257358424,-0.028878779280512818,DELL210716C00097500
61,88.98999786376953,DELL,Call,2021-07-17,0.3041095890410959,111,100.0,1.99,2.14,2.44,2.29,0.2999999999999998,0.31287308227539057,3.0989816062879694,0.3081221067799342,0.020295707840210394,-0.027278238452986592,DELL210716C00100000
62,88.98999786376953,DELL,Call,2021-07-17,0.3041095890410959,111,105.0,1.01,1.2,1.6,1.4,0.40000000000000013,0.3188544677734374,2.0686073219916903,0.22613844003837658,0.017348926412561794,-0.0232980553372026,DELL210716C00105000
63,88.98999786376953,DELL,Call,2021-07-17,0.3041095890410959,111,110.0,0.62,0.75,1.02,0.885,0.27,0.3227606787109374,1.3505729318986108,0.16098542543964395,0.014091052575849415,-0.018903048310654997,DELL210716C00110000
64,88.98999786376953,DELL,Call,2021-07-17,0.3041095890410959,111,115.0,0.45,0.45,0.55,0.5,0.10000000000000003,0.31445998046874996,0.864312042080167,0.11149976584026858,0.01095196843494649,-0.014673799560260265,DELL210716C00115000
65,88.98999786376953,DELL,Call,2021-07-17,0.3041095890410959,111,120.0,0.2,0.05,0.61,0.33,0.5599999999999999,0.36084623535156246,0.543289952720106,0.07535147155683633,0.008194347195895003,-0.010963644426499566,DELL210716C00120000
66,88.98999786376953,DELL,Call,2021-07-17,0.3041095890410959,111,125.0,0.21,0.05,0.79,0.42000000000000004,0.74,0.42090422851562503,0.33608199582215026,0.04982062563079245,0.00593188366618037,-0.007924572351630743,DELL210716C00125000
67,88.98999786376953,DELL,Call,2021-10-16,0.5534246575342465,202,60.0,29.5,28.95,30.0,29.475,1.0500000000000007,0.407232490234375,29.54778668126286,0.9489060057676386,0.004496339783299026,-0.006039035351119222,DELL211015C00060000
68,88.98999786376953,DELL,Call,2021-10-16,0.5534246575342465,202,70.0,20.7,20.75,21.1,20.925,0.3500000000000014,0.3579165771484375,21.004348902597997,0.8523463944467311,0.009885350116881025,-0.013281901212959144,DELL211015C00070000
69,88.98999786376953,DELL,Call,2021-10-16,0.5534246575342465,202,72.5,19.07,18.55,19.05,18.8,0.5,0.3490055334472656,19.096606026851003,0.8193131066682279,0.011269731167682068,-0.015143758015616897,DELL211015C00072500
70,88.98999786376953,DELL,Call,2021-10-16,0.5534246575342465,202,75.0,17.05,16.8,17.15,16.975,0.34999999999999787,0.3442448388671875,17.294838466817243,0.783329887329085,0.012575400848718757,-0.01689999265246423,DELL211015C00075000
71,88.98999786376953,DELL,Call,2021-10-16,0.5534246575342465,202,77.5,15.5,14.9,15.45,15.175,0.5499999999999989,0.34448897705078124,15.603574479485614,0.7448807825900642,0.013761496838613512,-0.018495495027162887,DELL211015C00077500
72,88.98999786376953,DELL,Call,2021-10-16,0.5534246575342465,202,80.0,13.45,12.85,13.65,13.25,0.8000000000000007,0.33521172607421873,14.02556817567755,0.7045093461198625,0.014794460208423491,-0.01988494215311005,DELL211015C00080000
73,88.98999786376953,DELL,Call,2021-10-16,0.5534246575342465,202,82.5,12.0,11.25,12.05,11.65,0.8000000000000007,0.3305731005859375,12.561840649905928,0.6627895248726962,0.015649186289531995,-0.02103448737228262,DELL211015C00082500
74,88.98999786376953,DELL,Call,2021-10-16,0.5534246575342465,202,85.0,9.5,9.7,10.6,10.149999999999999,0.9000000000000004,0.32746033874511715,11.211792441866324,0.6202986306601836,0.01630958477698482,-0.021922385832178808,DELL211015C00085000
75,88.98999786376953,DELL,Call,2021-10-16,0.5534246575342465,202,87.5,7.7,8.95,10.1,9.524999999999999,1.1500000000000004,0.35657381713867187,9.973368945503909,0.5775939505241282,0.016768343118194057,-0.022538704578275975,DELL211015C00087500
76,88.98999786376953,DELL,Call,2021-10-16,0.5534246575342465,202,90.0,7.25,7.75,8.15,7.95,0.40000000000000036,0.3254461987304687,8.843260977963167,0.5351938941807053,0.017026119131814878,-0.022884318840773545,DELL211015C00090000
77,88.98999786376953,DELL,Call,2021-10-16,0.5534246575342465,202,92.5,7.49,6.4,7.25,6.825,0.8499999999999996,0.3302679278564453,7.817123605132469,0.4935640225749447,0.01709041871000831,-0.022969414550962762,DELL211015C00092500
78,88.98999786376953,DELL,Call,2021-10-16,0.5534246575342465,202,95.0,5.45,5.6,6.0,5.8,0.40000000000000036,0.3177558459472656,6.8897992680620135,0.45310784520286723,0.016974443808903634,-0.022811706845659693,DELL211015C00095000
79,88.98999786376953,DELL,Call,2021-10-16,0.5534246575342465,202,100.0,4.1,4.0,4.45,4.225,0.4500000000000002,0.3173286041259765,5.308176694171328,0.3769950269210893,0.016273576917525585,-0.021865138010409537,DELL211015C00100000
80,88.98999786376953,DELL,Call,2021-10-16,0.5534246575342465,202,105.0,2.5,2.87,3.2,3.035,0.33000000000000007,0.3145820495605468,4.048658623752667,0.3087460014509767,0.015088658626110727,-0.020267319534082995,DELL211015C00105000
81,88.98999786376953,DELL,Call,2021-10-16,0.5534246575342465,202,110.0,1.5,1.95,2.22,2.085,0.27000000000000024,0.3100654931640625,3.0603255831126597,0.24927344691761474,0.013594070259923485,-0.01825348641828349,DELL211015C00110000
82,88.98999786376953,DELL,Call,2021-10-16,0.5534246575342465,202,115.0,1.49,1.12,1.34,1.23,0.21999999999999997,0.29529513305664057,2.2948377856618203,0.19870328283512956,0.011948051244611986,-0.016036936302024435,DELL211015C00115000
83,88.98999786376953,DELL,Call,2021-10-16,0.5534246575342465,202,120.0,1.32,0.86,1.12,0.99,0.2600000000000001,0.31153032226562494,1.7087193538493888,0.15659957979907163,0.010278775794710175,-0.013790284194237223,DELL211015C00120000
84,88.98999786376953,DELL,Call,2021-10-16,0.5534246575342465,202,125.0,1.06,0.56,0.92,0.74,0.36,0.3242255078124999,1.2644392648626621,0.1221762114651222,0.008679788818286571,-0.011639416829108256,DELL211015C00125000
85,88.98999786376953,DELL,Call,2021-10-16,0.5534246575342465,202,130.0,0.65,0.37,0.55,0.46,0.18000000000000005,0.3129951513671875,0.9306266563269596,0.09447089638228154,0.007211850640883113,-0.009665951575064877,DELL211015C00130000
86,88.98999786376953,DELL,Call,2021-12-18,0.726027397260274,265,30.0,31.25,36.35,40.15,38.25,3.799999999999997,1.0000000000000003e-05,58.99327709369191,0.999931110595312,1.2243833987442788e-05,-2.451867086645305e-05,DELL211217C00030000
87,88.98999786376953,DELL,Call,2021-12-18,0.726027397260274,265,40.0,45.0,46.5,51.4,48.95,4.899999999999999,0.807619111328125,49.014528548490176,0.99756314166761,0.00028508125658544654,-0.00039136066592701275,DELL211217C00040000
88,88.98999786376953,DELL,Call,2021-12-18,0.726027397260274,265,45.0,30.4,33.5,38.0,35.75,4.5,1.0000000000000003e-05,44.06860640358161,0.9922819459557988,0.0007959866985626734,-0.001076112731576678,DELL211217C00045000
89,88.98999786376953,DELL,Call,2021-12-18,0.726027397260274,265,50.0,39.05,37.6,41.05,39.325,3.4499999999999957,0.5892375061035158,39.20205056459198,0.980809645690691,0.0017506125888408631,-0.0023563208417289334,DELL211217C00050000
90,88.98999786376953,DELL,Call,2021-12-18,0.726027397260274,265,52.5,23.5,26.55,31.45,29.0,4.899999999999999,1.0000000000000003e-05,36.8168128738202,0.971816846951639,0.00241866893773676,-0.003252747585767306,DELL211217C00052500
91,88.98999786376953,DELL,Call,2021-12-18,0.726027397260274,265,55.0,25.0,26.3,28.7,27.5,2.3999999999999986,1.0000000000000003e-05,34.47503640982803,0.9602165320499308,0.0032118826818421805,-0.004317434521804654,DELL211217C00055000
92,88.98999786376953,DELL,Call,2021-12-18,0.726027397260274,265,57.5,23.25,29.5,30.5,30.0,1.0,1.0000000000000003e-05,32.18581042034614,0.9457661358227439,0.004118338904275145,-0.00553455368432047,DELL211217C00057500
93,88.98999786376953,DELL,Call,2021-12-18,0.726027397260274,265,60.0,30.65,29.7,30.45,30.075,0.75,0.3947814428710938,29.958204811801572,0.9283132888382071,0.005118817315977923,-0.00687829284265703,DELL211217C00060000
94,88.98999786376953,DELL,Call,2021-12-18,0.726027397260274,265,62.5,21.11,26.4,27.8,27.1,1.4000000000000021,0.35156898437499995,27.8009176662815,0.9078054322472543,0.006188162411213156,-0.00831487923184093,DELL211217C00062500
95,88.98999786376953,DELL,Call,2021-12-18,0.726027397260274,265,65.0,25.08,25.55,26.2,25.875,0.6499999999999986,0.3825745336914062,25.721959025031335,0.8842914901141409,0.007297247326229842,-0.009805164128659477,DELL211217C00065000
96,88.98999786376953,DELL,Call,2021-12-18,0.726027397260274,265,67.5,17.9,21.3,22.1,21.700000000000003,0.8000000000000007,0.23584748535156247,23.72838993389591,0.8579164340158928,0.008415040633255709,-0.011307416095940773,DELL211217C00067500
97,88.98999786376953,DELL,Call,2021-12-18,0.726027397260274,265,70.0,21.1,18.05,20.05,19.05,2.0,0.247077841796875,21.826127895658658,0.828910191252996,0.00951064698224607,-0.012780014495170276,DELL211217C00070000
98,88.98999786376953,DELL,Call,2021-12-18,0.726027397260274,265,72.5,17.08,19.55,20.2,19.875,0.6499999999999986,0.3600527862548828,20.019822064601723,0.7975726039156391,0.010554993407882561,-0.014183811163609955,DELL211217C00072500
99,88.98999786376953,DELL,Call,2021-12-18,0.726027397260274,265,75.0,18.55,17.55,18.55,18.05,1.0,0.3618227880859375,18.312795605491786,0.7642561742733336,0.011522255112684312,-0.015484012588847426,DELL211217C00075000
100,88.98999786376953,DELL,Call,2021-12-18,0.726027397260274,265,77.5,12.8,13.75,14.65,14.2,0.9000000000000004,0.26734131103515624,16.707048439341055,0.7293481566317371,0.012390793916474178,-0.01665151358603102,DELL211217C00077500
101,88.98999786376953,DELL,Call,2021-12-18,0.726027397260274,265,80.0,14.8,14.45,15.0,14.725,0.5500000000000007,0.3440617352294921,15.203310309077393,0.6932532817343804,0.013143843043000938,-0.017663683359380615,DELL211217C00080000
102,88.98999786376953,DELL,Call,2021-12-18,0.726027397260274,265,82.5,14.06,12.95,13.55,13.25,0.6000000000000014,0.3427189752197265,13.801133338799396,0.6563780698241239,0.013769659147138135,-0.01850464995812839,DELL211217C00082500
103,88.98999786376953,DELL,Call,2021-12-18,0.726027397260274,265,85.0,10.91,11.5,12.05,11.775,0.5500000000000007,0.33618827880859375,12.499012905996183,0.6191173577103014,0.014261375387108435,-0.01916516276325428,DELL211217C00085000
104,88.98999786376953,DELL,Call,2021-12-18,0.726027397260274,265,87.5,10.85,10.0,10.8,10.4,0.8000000000000007,0.3350286224365234,11.294526226561661,0.5818433782917686,0.014616669550879726,-0.01964212674271348,DELL211217C00087500
105,88.98999786376953,DELL,Call,2021-12-18,0.726027397260274,265,90.0,8.7,9.05,9.55,9.3,0.5,0.3306341351318359,10.184479664057447,0.544897468745933,0.014837316156089094,-0.019937904502238153,DELL211217C00090000
106,88.98999786376953,DELL,Call,2021-12-18,0.726027397260274,265,92.5,6.82,7.7,9.2,8.45,1.4999999999999991,0.3528507098388671,9.16505685069252,0.508584335317786,0.014928502774825655,-0.020059476452995457,DELL211217C00092500
107,88.98999786376953,DELL,Call,2021-12-18,0.726027397260274,265,95.0,6.7,7.15,7.5,7.325,0.34999999999999964,0.32746033874511715,8.231961971449376,0.47316860556789153,0.01489818382887448,-0.020017536449080338,DELL211217C00095000
108,88.98999786376953,DELL,Call,2021-12-18,0.726027397260274,265,100.0,5.25,5.1,5.85,5.475,0.75,0.3258734405517578,6.605965547097228,0.4058806252789492,0.01451443671901321,-0.019499077980337266,DELL211217C00100000
109,88.98999786376953,DELL,Call,2021-12-18,0.726027397260274,265,105.0,4.0,4.05,4.35,4.199999999999999,0.2999999999999998,0.31842722595214834,5.267294323295881,0.3443336022444589,0.013780251996078621,-0.018509359555730978,DELL211217C00105000
110,88.98999786376953,DELL,Call,2021-12-18,0.726027397260274,265,110.0,2.75,2.84,3.35,3.0949999999999998,0.5100000000000002,0.31909860595703116,4.17623560937431,0.28923774777766587,0.012796221472366339,-0.01718392700416767,DELL211217C00110000
111,88.98999786376953,DELL,Call,2021-12-18,0.726027397260274,265,115.0,2.05,2.16,2.47,2.3150000000000004,0.31000000000000005,0.31537549865722647,3.294820513990592,0.2408183711666308,0.011657215492622164,-0.015650557499680813,DELL211217C00115000
112,88.98999786376953,DELL,Call,2021-12-18,0.726027397260274,265,120.0,1.68,1.58,1.79,1.685,0.20999999999999996,0.31165239135742184,2.5882477350719975,0.19893546364975123,0.010445046588007446,-0.014019373809355655,DELL211217C00120000
113,88.98999786376953,DELL,Call,2021-12-18,0.726027397260274,265,125.0,1.6,1.15,1.49,1.3199999999999998,0.3400000000000001,0.32129584960937496,2.025630634827604,0.1631979122596739,0.009225116170683202,-0.012378408638926496,DELL211217C00125000
114,88.98999786376953,DELL,Call,2021-12-18,0.726027397260274,265,130.0,0.65,0.8,1.07,0.935,0.27,0.3177558459472656,1.5802441573859163,0.13306145263772812,0.008046156801729645,-0.010793084969703179,DELL211217C00130000
115,88.98999786376953,DELL,Call,2022-01-22,0.821917808219178,300,15.0,28.0,0.0,0.0,0.0,0.0,1.0000000000000003e-05,73.99173542024431,1.0000092751337637,6.053973159462336e-08,-4.218088734414594e-06,DELL220121C00015000
116,88.98999786376953,DELL,Call,2022-01-22,0.821917808219178,300,17.5,44.95,42.0,44.5,43.25,2.5,1.0000000000000003e-05,71.49201274759987,1.0000108355500883,7.002154204158696e-08,-4.947379535003689e-06,DELL220121C00017500
117,88.98999786376953,DELL,Call,2022-01-22,0.821917808219178,300,20.0,58.84,66.5,71.5,69.0,5.0,0.5468795312500001,68.99225867289799,1.0000112815792341,1.9565973933656256e-07,-5.788689220893998e-06,DELL220121C00020000
118,88.98999786376953,DELL,Call,2022-01-22,0.821917808219178,300,22.5,38.25,40.5,45.5,43.0,5.0,1.0000000000000003e-05,66.49249531856168,1.000008500863388,7.171111053982072e-07,-7.200021797177555e-06,DELL220121C00022500
119,88.98999786376953,DELL,Call,2022-01-22,0.821917808219178,300,25.0,52.0,54.45,57.65,56.05,3.1999999999999957,1.0000000000000003e-05,63.99278755511864,0.9999949969219483,2.7846328037452074e-06,-1.062393729622465e-05,DELL220121C00025000
120,88.98999786376953,DELL,Call,2022-01-22,0.821917808219178,300,27.5,34.0,39.6,44.5,42.05,4.899999999999999,1.0000000000000003e-05,61.493302823701065,0.9999504330121924,9.017516902617748e-06,-1.956315533003693e-05,DELL220121C00027500
121,88.98999786376953,DELL,Call,2022-01-22,0.821917808219178,300,30.0,38.0,0.0,0.0,0.0,0.0,1.0000000000000003e-05,58.99442879514361,0.9998303155238756,2.454718112843757e-05,-4.092502563098193e-05,DELL220121C00030000
122,88.98999786376953,DELL,Call,2022-01-22,0.821917808219178,300,32.5,36.92,38.55,43.5,41.025,4.950000000000003,1.0000000000000003e-05,56.4969468908646,0.99955231717329,5.795855808725878e-05,-8.619202205295551e-05,DELL220121C00032500
123,88.98999786376953,DELL,Call,2022-01-22,0.821917808219178,300,35.0,49.2,51.5,56.4,53.95,4.899999999999999,0.8664564135742188,54.00224561716904,0.9989834792159896,0.000121680511947185,-0.00017188472702171087,DELL220121C00035000
124,88.98999786376953,DELL,Call,2022-01-22,0.821917808219178,300,37.5,32.85,34.25,37.55,35.9,3.299999999999997,1.0000000000000003e-05,51.51254168247689,0.9979321339232203,0.0002312267607991942,-0.0003189389725502674,DELL220121C00037500
125,88.98999786376953,DELL,Call,2022-01-22,0.821917808219178,300,40.0,49.0,47.05,51.35,49.2,4.300000000000004,0.7543969873046875,49.03106846828481,0.9961476294498072,0.0004042075342514922,-0.0005509404065945188,DELL220121C00040000
126,88.98999786376953,DELL,Call,2022-01-22,0.821917808219178,300,42.5,12.34,0.0,0.0,0.0,0.0,1.0000000000000003e-05,46.56219410613734,0.9933291433851292,0.0006581726993705175,-0.0008914964975978631,DELL220121C00042500
127,88.98999786376953,DELL,Call,2022-01-22,0.821917808219178,300,45.0,44.63,42.2,46.3,44.25,4.099999999999994,0.6567417138671876,44.111443343995944,0.989142779628088,0.001008403548317086,-0.0013612488849183463,DELL220121C00045000
128,88.98999786376953,DELL,Call,2022-01-22,0.821917808219178,300,47.5,41.12,39.55,44.4,41.974999999999994,4.850000000000001,0.6621127539062501,41.685414190642135,0.9832445634013964,0.0014660190786999227,-0.0019750853741947703,DELL220121C00047500
129,88.98999786376953,DELL,Call,2022-01-22,0.821917808219178,300,50.0,36.0,37.1,41.9,39.5,4.799999999999997,0.619388571777344,39.29159701400479,0.9753059513643609,0.0020360633600980853,-0.0027400182718098328,DELL220121C00050000
130,88.98999786376953,DELL,Call,2022-01-22,0.821917808219178,300,52.5,24.18,27.5,30.95,29.225,3.4499999999999993,1.0000000000000003e-05,36.938116838706875,0.96503846172025,0.002717054338695723,-0.0036540147808473266,DELL220121C00052500
131,88.98999786376953,DELL,Call,2022-01-22,0.821917808219178,300,55.0,34.04,33.95,35.95,34.95,2.0,0.4733939379882813,34.63342725769357,0.9522145482984146,0.003500510424598558,-0.004705861115076349,DELL220121C00055000
132,88.98999786376953,DELL,Call,2022-01-22,0.821917808219178,300,57.5,30.53,31.55,32.9,32.225,1.3499999999999979,0.39771110107421875,32.38598624813134,0.9366827917095064,0.00437184420433747,-0.005875967059230529,DELL220121C00057500
133,88.98999786376953,DELL,Call,2022-01-22,0.821917808219178,300,60.0,30.2,28.45,31.95,30.2,3.5,0.4699760034179688,30.20394220123287,0.9183764772872255,0.00531136287567169,-0.007137898656043004,DELL220121C00060000
134,88.98999786376953,DELL,Call,2022-01-22,0.821917808219178,300,62.5,27.5,26.15,29.2,27.674999999999997,3.0500000000000007,0.42090422851562503,28.094852500567352,0.8973155996706047,0.006295778635448711,-0.008460370277906911,DELL220121C00062500
135,88.98999786376953,DELL,Call,2022-01-22,0.821917808219178,300,65.0,22.3,25.35,26.45,25.9,1.0999999999999979,0.37402969726562496,26.065450816744065,0.8736029918651554,0.007299834199119874,-0.009809424006044995,DELL220121C00065000
136,88.98999786376953,DELL,Call,2022-01-22,0.821917808219178,300,67.5,24.88,23.0,24.35,23.675,1.3500000000000014,0.3635317553710938,24.121471690757584,0.8474157659788535,0.008297900486481968,-0.011150560576847069,DELL220121C00067500
137,88.98999786376953,DELL,Call,2022-01-22,0.821917808219178,300,70.0,19.0,21.3,22.65,21.975,1.3499999999999979,0.3694521063232422,22.267535196201944,0.8189934326281951,0.009265318391861413,-0.012450641426509874,DELL220121C00070000
138,88.98999786376953,DELL,Call,2022-01-22,0.821917808219178,300,72.5,17.65,19.95,20.55,20.25,0.6000000000000014,0.35352208984374994,20.507089407377556,0.7886240852571981,0.010179676313991972,-0.013679444855290428,DELL220121C00072500
139,88.98999786376953,DELL,Call,2022-01-22,0.821917808219178,300,75.0,17.21,18.2,18.7,18.45,0.5,0.3460758752441406,18.842404434695755,0.7566298829105558,0.011021547616239743,-0.014810820061372014,DELL220121C00075000
140,88.98999786376953,DELL,Call,2022-01-22,0.821917808219178,300,77.5,14.3,16.3,17.15,16.725,0.8499999999999979,0.34705242797851554,17.274610209919825,0.7233528698849631,0.011775106748224254,-0.015823429499363904,DELL220121C00077500
141,88.98999786376953,DELL,Call,2022-01-22,0.821917808219178,300,80.0,12.9,14.95,15.55,15.25,0.6000000000000014,0.34278000976562495,15.803768693758487,0.6891419051635658,0.012428281419077999,-0.01670110917120866,DELL220121C00080000
142,88.98999786376953,DELL,Call,2022-01-22,0.821917808219178,300,82.5,13.25,13.45,14.0,13.725,0.5500000000000007,0.33728690063476563,14.428971250483281,0.6543412122333963,0.012973051541701665,-0.017432899005386575,DELL220121C00082500
143,88.98999786376953,DELL,Call,2022-01-22,0.821917808219178,300,85.0,12.3,12.1,12.7,12.399999999999999,0.5999999999999996,0.3371037969970704,13.148452671707643,0.6192808558608345,0.013404867426101159,-0.018012808150073147,DELL220121C00085000
144,88.98999786376953,DELL,Call,2022-01-22,0.821917808219178,300,87.5,11.35,10.8,11.35,11.075,0.5499999999999989,0.33234310241699216,11.95971391133913,0.5842692564749804,0.013722713318176693,-0.018439383693179198,DELL220121C00087500
145,88.98999786376953,DELL,Call,2022-01-22,0.821917808219178,300,90.0,8.0,9.7,10.1,9.899999999999999,0.40000000000000036,0.32794861511230466,10.859647580232467,0.5495876837134728,0.013928482190147463,-0.018715147669254504,DELL220121C00090000
146,88.98999786376953,DELL,Call,2022-01-22,0.821917808219178,300,95.0,7.5,7.6,8.05,7.825,0.45000000000000107,0.3249579223632812,8.910790107420107,0.48218367551142877,0.014023016253411916,-0.01884036183235453,DELL220121C00095000
147,88.98999786376953,DELL,Call,2022-01-22,0.821917808219178,300,97.5,7.7,6.7,7.0,6.85,0.2999999999999998,0.31867136413574215,8.053811320865124,0.4498630978104582,0.013925997650164298,-0.01870891699944904,DELL220121C00097500
148,88.98999786376953,DELL,Call,2022-01-22,0.821917808219178,300,100.0,5.6,5.85,6.15,6.0,0.3000000000000007,0.3159858441162109,7.2693328020124515,0.41867614362303013,0.013744331366301394,-0.01846361414806707,DELL220121C00100000
149,88.98999786376953,DELL,Call,2022-01-22,0.821917808219178,300,105.0,4.5,4.4,4.7,4.550000000000001,0.2999999999999998,0.3113472186279296,5.899974311213885,0.36015249565421303,0.013165451623112267,-0.01768326866115605,DELL220121C00105000
150,88.98999786376953,DELL,Call,2022-01-22,0.821917808219178,300,110.0,4.3,2.78,3.55,3.165,0.77,0.30750204223632804,4.7671680756424255,0.3072316035897173,0.012364542437181788,-0.016604599442446046,DELL220121C00110000
151,88.98999786376953,DELL,Call,2022-01-22,0.821917808219178,300,115.0,2.6,1.29,2.96,2.125,1.67,0.3170844659423828,3.836898155808015,0.2601450204203002,0.011416243570021566,-0.015328087076347566,DELL220121C00115000
152,88.98999786376953,DELL,Call,2022-01-22,0.821917808219178,300,120.0,2.5,1.14,2.03,1.585,0.8899999999999999,0.3048165222167969,3.0778079608507007,0.21882745256929634,0.010386267361953331,-0.013942183611555262,DELL220121C00120000
153,88.98999786376953,DELL,Call,2022-01-22,0.821917808219178,300,125.0,2.11,1.07,1.8,1.435,0.73,0.3189765368652343,2.4618086535164596,0.1830031169905232,0.009328777749017756,-0.01251977723178539,DELL220121C00125000
154,88.98999786376953,DELL,Call,2022-01-22,0.821917808219178,300,130.0,1.25,0.24,1.25,0.745,1.01,0.3106758386230468,1.9643012315637534,0.1522606409560696,0.008285874404817116,-0.01111736752476662,DELL220121C00130000
155,88.98999786376953,DELL,Call,2022-06-18,1.2246575342465753,447,40.0,35.3,36.3,40.7,38.5,4.400000000000006,1.0000000000000003e-05,49.16407835568625,0.9877065071704907,0.0009207771129462168,-0.0012439790388322023,DELL220617C00040000
156,88.98999786376953,DELL,Call,2022-06-18,1.2246575342465753,447,50.0,35.0,37.6,42.4,40.0,4.799999999999997,0.5367477966308594,39.78289967461691,0.953018060141865,0.002830653257711214,-0.003808085801124997,DELL220617C00050000
157,88.98999786376953,DELL,Call,2022-06-18,1.2246575342465753,447,60.0,26.55,29.95,31.85,30.9,1.9000000000000021,0.3802552209472656,31.288071289593518,0.8862555538433499,0.005554893650420143,-0.007466576264023112,DELL220617C00060000
158,88.98999786376953,DELL,Call,2022-06-18,1.2246575342465753,447,62.5,24.5,26.4,28.35,27.375,1.9500000000000028,0.30225307128906254,29.344312207407278,0.8647853528345292,0.006269068041612671,-0.008425784740204924,DELL220617C00062500
159,88.98999786376953,DELL,Call,2022-06-18,1.2246575342465753,447,65.0,28.0,26.65,27.9,27.275,1.25,0.3690858990478516,27.479915479326927,0.8416851113618312,0.006969137824851384,-0.009366076667258727,DELL220617C00065000
160,88.98999786376953,DELL,Call,2022-06-18,1.2246575342465753,447,67.5,17.1,20.65,24.8,22.725,4.150000000000002,0.3164741204833984,25.697092048022146,0.8171458082525537,0.00764302207767301,-0.010271203959791562,DELL220617C00067500
161,88.98999786376953,DELL,Call,2022-06-18,1.2246575342465753,447,70.0,22.33,23.5,24.2,23.85,0.6999999999999993,0.35883209533691407,23.997231034127314,0.7913743369319632,0.008280158064285784,-0.011126947420139446,DELL220617C00070000
162,88.98999786376953,DELL,Call,2022-06-18,1.2246575342465753,447,72.5,13.0,12.75,15.7,14.225,2.9499999999999993,1.0000000000000003e-05,22.38094893997493,0.7645862317138828,0.008871672972410875,-0.011921369506728953,DELL220617C00072500
163,88.98999786376953,DELL,Call,2022-06-18,1.2246575342465753,447,75.0,19.3,19.75,20.7,20.225,0.9499999999999993,0.347113462524414,20.848153003041457,0.7369992237674337,0.009410430640739086,-0.012644923480999007,DELL220617C00075000
164,88.98999786376953,DELL,Call,2022-06-18,1.2246575342465753,447,77.5,12.67,14.5,17.5,16.0,3.0,0.29505099487304687,19.398114043565638,0.708827758866238,0.009891139565593317,-0.013290443176113012,DELL220617C00077500
165,88.98999786376953,DELL,Call,2022-06-18,1.2246575342465753,447,80.0,16.97,16.9,17.65,17.275,0.75,0.3409184561157227,18.02954408659714,0.6802784991248804,0.01031016659940263,-0.013853040956558942,DELL220617C00080000
166,88.98999786376953,DELL,Call,2022-06-18,1.2246575342465753,447,82.5,13.56,15.45,16.2,15.825,0.75,0.33685965881347657,16.74067554082981,0.6515468078930552,0.010665441442290756,-0.014329937771879922,DELL220617C00082500
167,88.98999786376953,DELL,Call,2022-06-18,1.2246575342465753,447,85.0,13.13,14.2,14.85,14.524999999999999,0.6500000000000004,0.333563793334961,15.529339026371066,0.6228141391450398,0.010956311096666081,-0.014720248290598236,DELL220617C00085000
168,88.98999786376953,DELL,Call,2022-06-18,1.2246575342465753,447,87.5,12.75,12.95,13.65,13.3,0.7000000000000011,0.33228206787109377,14.393037661718113,0.5942462462596645,0.01118332964740581,-0.015024740125312736,DELL220617C00087500
169,88.98999786376953,DELL,Call,2022-06-18,1.2246575342465753,447,90.0,12.32,11.8,12.55,12.175,0.75,0.33161068786621095,13.329016696305086,0.5659921006377526,0.011348134322827186,-0.01524558233104476,DELL220617C00090000
170,88.98999786376953,DELL,Call,2022-06-18,1.2246575342465753,447,95.0,6.6,6.35,9.6,7.975,3.25,0.3057930749511719,11.405883282634097,0.5109346929586777,0.01150154904700348,-0.015450513842663273,DELL220617C00095000
171,88.98999786376953,DELL,Call,2022-06-18,1.2246575342465753,447,100.0,7.8,7.9,8.65,8.275,0.75,0.32388981781005854,9.735002795081245,0.4584916515388228,0.011443525130543399,-0.015371250964080768,DELL220617C00100000
172,88.98999786376953,DELL,Call,2022-06-18,1.2246575342465753,447,105.0,6.05,6.45,7.0,6.725,0.5499999999999998,0.3177558459472656,8.290719720734835,0.4092568712761478,0.011206914315484715,-0.015052021016631108,DELL220617C00105000
173,88.98999786376953,DELL,Call,2022-06-18,1.2246575342465753,447,110.0,3.48,2.08,5.85,3.965,3.7699999999999996,0.31891550231933585,7.047785903250448,0.36359982277937924,0.010826607303744407,-0.014539768296409156,DELL220617C00110000
174,88.98999786376953,DELL,Call,2022-06-18,1.2246575342465753,447,115.0,3.47,0.0,0.0,0.0,0.0,0.062509375,5.982139828375839,0.3217034096025151,0.010336682460197288,-0.01388032543772403,DELL220617C00115000
175,88.98999786376953,DELL,Call,2022-06-18,1.2246575342465753,447,120.0,4.2,3.4,3.75,3.575,0.3500000000000001,0.3106758386230468,5.071400073520095,0.2836026548639696,0.009768530756176378,-0.013115906391857998,DELL220617C00120000
176,88.98999786376953,DELL,Call,2022-06-18,1.2246575342465753,447,125.0,3.8,2.31,3.05,2.6799999999999997,0.7399999999999998,0.30988238952636715,4.295137145504082,0.24922075225702822,0.009149763002203309,-0.012283673534979108,DELL220617C00125000
177,88.98999786376953,DELL,Call,2022-12-17,1.7232876712328766,629,32.5,40.5,46.0,51.0,48.5,5.0,1.0000000000000003e-05,56.62191297912203,0.9920699841123555,0.0005299619119175457,-0.0007187920590424848,DELL221216C00032500
178,88.98999786376953,DELL,Call,2022-12-17,1.7232876712328766,629,37.5,28.65,27.25,31.65,29.45,4.399999999999999,1.0000000000000003e-05,51.8088225307837,0.9822255709059862,0.0010659131711536006,-0.0014386575989734376,DELL221216C00037500
179,88.98999786376953,DELL,Call,2022-12-17,1.7232876712328766,629,40.0,41.0,0.0,0.0,0.0,0.0,1.0000000000000003e-05,49.45534480244375,0.9751353808687526,0.001415665672486388,-0.0019083846052767675,DELL221216C00040000
180,88.98999786376953,DELL,Call,2022-12-17,1.7232876712328766,629,45.0,37.9,0.0,0.0,0.0,0.0,1.0000000000000003e-05,44.88563208078426,0.9561145084692945,0.0022597661681324297,-0.003041840447232944,DELL221216C00045000
181,88.98999786376953,DELL,Call,2022-12-17,1.7232876712328766,629,47.5,30.75,31.0,34.1,32.55,3.1000000000000014,1.0000000000000003e-05,42.680814328373394,0.9441085809799681,0.002740580484345993,-0.0036874995004011154,DELL221216C00047500
182,88.98999786376953,DELL,Call,2022-12-17,1.7232876712328766,629,50.0,21.0,23.0,28.0,25.5,5.0,1.0000000000000003e-05,40.53605999004438,0.9304562072536025,0.0032495925958616416,-0.004371010587703088,DELL221216C00050000
183,88.98999786376953,DELL,Call,2022-12-17,1.7232876712328766,629,52.5,36.87,36.7,40.85,38.775000000000006,4.149999999999999,0.46497117065429694,38.455581485881304,0.9152149666503939,0.003777795281467341,-0.005080291715433022,DELL221216C00052500
184,88.98999786376953,DELL,Call,2022-12-17,1.7232876712328766,629,55.0,35.2,34.65,37.75,36.2,3.1000000000000014,0.4102842175292969,36.44288172880596,0.8984719229705962,0.00431612684455253,-0.005803183021291348,DELL221216C00055000
185,88.98999786376953,DELL,Call,2022-12-17,1.7232876712328766,629,57.5,21.0,21.25,23.65,22.45,2.3999999999999986,1.0000000000000003e-05,34.500743089734236,0.8803378639280972,0.004855843292795751,-0.006527932365929299,DELL221216C00057500
186,88.98999786376953,DELL,Call,2022-12-17,1.7232876712328766,629,60.0,26.45,31.1,35.2,33.150000000000006,4.100000000000001,0.4442804595947265,32.63124055353034,0.8609415535031871,0.005388777721373326,-0.0072435699012722895,DELL221216C00060000
187,88.98999786376953,DELL,Call,2022-12-17,1.7232876712328766,629,62.5,24.2,27.9,30.85,29.375,2.950000000000003,0.35217932983398437,30.835773632123306,0.8404242944098537,0.005907556350892046,-0.007940175796272595,DELL221216C00062500
188,88.98999786376953,DELL,Call,2022-12-17,1.7232876712328766,629,65.0,22.82,29.05,30.45,29.75,1.3999999999999986,0.394110062866211,29.115111615697728,0.8189349822761445,0.006405686377296123,-0.008609052230826562,DELL221216C00065000
189,88.98999786376953,DELL,Call,2022-12-17,1.7232876712328766,629,67.5,14.0,14.7,19.25,16.975,4.550000000000001,1.0000000000000003e-05,27.46944795211874,0.796625779677638,0.006877696704382663,-0.009242812934591352,DELL221216C00067500
190,88.98999786376953,DELL,Call,2022-12-17,1.7232876712328766,629,70.0,16.25,18.1,20.85,19.475,2.75,0.19361157958984376,25.89845957140345,0.7736484396870295,0.007319071955410284,-0.009835406299264281,DELL221216C00070000
191,88.98999786376953,DELL,Call,2022-12-17,1.7232876712328766,629,72.5,17.0,19.55,22.95,21.25,3.3999999999999986,0.3122627368164062,24.401368568785752,0.7501512809351167,0.007726264224967017,-0.010382086215963912,DELL221216C00072500
192,88.98999786376953,DELL,Call,2022-12-17,1.7232876712328766,629,75.0,13.85,12.0,17.0,14.5,5.0,0.19080399047851562,22.977003602554674,0.7262767963956493,0.008096699580793468,-0.010879344302185418,DELL221216C00075000
193,88.98999786376953,DELL,Call,2022-12-17,1.7232876712328766,629,77.5,12.95,13.45,15.8,14.625,2.3500000000000014,0.20471986694335934,21.62385938579235,0.7021598245753992,0.008428575932664781,-0.011324815412862246,DELL221216C00077500
194,88.98999786376953,DELL,Call,2022-12-17,1.7232876712328766,629,80.0,16.0,18.0,21.0,19.5,3.0,0.36743796630859377,20.340152974418032,0.6779262327450248,0.008720944483664618,-0.01171716615723004,DELL221216C00080000
195,88.98999786376953,DELL,Call,2022-12-17,1.7232876712328766,629,85.0,16.0,13.7,16.9,15.299999999999999,3.1999999999999993,0.3274298214721679,17.972843178326567,0.6295629229116382,0.009186386756369904,-0.012341607173084987,DELL221216C00085000
196,88.98999786376953,DELL,Call,2022-12-17,1.7232876712328766,629,90.0,13.8,14.3,15.5,14.9,1.1999999999999993,0.3438786315917969,15.857131912580146,0.5819898720727118,0.00949701054704333,-0.01275803511065538,DELL221216C00090000
197,88.98999786376953,DELL,Call,2022-12-17,1.7232876712328766,629,95.0,10.5,12.3,13.05,12.675,0.75,0.3318243087768554,13.97350307662327,0.5358436868114607,0.00966343951734932,-0.012980719592431356,DELL221216C00095000
198,88.98999786376953,DELL,Call,2022-12-17,1.7232876712328766,629,100.0,11.56,8.7,13.25,10.975,4.550000000000001,0.37201555725097657,12.301878155866294,0.49160416009770086,0.009700467823153062,-0.013029563188750386,DELL221216C00100000
199,88.98999786376953,DELL,Call,2022-12-17,1.7232876712328766,629,105.0,5.17,3.5,8.5,6.0,5.0,0.3011544494628906,10.822364972858576,0.44961110267815857,0.00962511315839585,-0.012927450454202283,DELL221216C00105000
200,88.98999786376953,DELL,Call,2022-12-17,1.7232876712328766,629,110.0,4.1,2.21,5.85,4.029999999999999,3.6399999999999997,0.2688671746826171,9.515783768316838,0.4100844566110684,0.009455111918947646,-0.01269823179058604,DELL221216C00110000
201,88.98999786376953,DELL,Call,2022-12-17,1.7232876712328766,629,115.0,7.25,6.3,7.1,6.699999999999999,0.7999999999999998,0.32282171325683584,8.364014074623988,0.3731450078498028,0.009207845271843098,-0.012365281594068417,DELL221216C00115000
202,88.98999786376953,DELL,Call,2022-12-17,1.7232876712328766,629,125.0,5.59,4.45,5.15,4.800000000000001,0.7000000000000002,0.31903757141113276,6.45886635441708,0.30713114260238367,0.008545352505060444,-0.011473919328446033,DELL221216C00125000
203,88.98999786376953,DELL,Call,2023-01-21,1.819178082191781,664,30.0,50.9,57.15,61.85,59.5,4.700000000000003,0.7034941760253908,59.08632247801813,0.9942838158063282,0.00038657191187441945,-0.0005260150724763956,DELL230120C00030000
204,88.98999786376953,DELL,Call,2023-01-21,1.819178082191781,664,32.5,48.0,52.0,57.0,54.5,5.0,0.42969320312500003,56.64837700992129,0.9908685742708052,0.0005836662666520065,-0.0007908473062380868,DELL230120C00032500
205,88.98999786376953,DELL,Call,2023-01-21,1.819178082191781,664,40.0,41.5,48.0,53.0,50.5,5.0,0.6048623498535157,49.52393059980009,0.9727255830884438,0.001488717251901981,-0.0020064158945699248,DELL230120C00040000
206,88.98999786376953,DELL,Call,2023-01-21,1.819178082191781,664,45.0,45.75,43.1,47.9,45.5,4.799999999999997,0.5272264074707032,44.993728410361726,0.952959206456108,0.0023257777715361594,-0.0031304644629630497,DELL230120C00045000
207,88.98999786376953,DELL,Call,2023-01-21,1.819178082191781,664,47.5,28.5,31.45,39.45,35.45,8.000000000000004,1.0000000000000003e-05,42.81125737003275,0.9406588404351967,0.0027961256550616603,-0.003762073070974607,DELL230120C00047500
208,88.98999786376953,DELL,Call,2023-01-21,1.819178082191781,664,50.0,33.5,39.85,44.05,41.95,4.199999999999996,0.5128832891845703,40.69006662332834,0.9267849576777113,0.003290298095739638,-0.004425664732670412,DELL230120C00050000
209,88.98999786376953,DELL,Call,2023-01-21,1.819178082191781,664,52.5,24.88,24.95,29.35,27.15,4.400000000000002,1.0000000000000003e-05,38.6339576474526,0.9114059823050098,0.0037997942522566934,-0.00510982666717792,DELL230120C00052500
210,88.98999786376953,DELL,Call,2023-01-21,1.819178082191781,664,55.0,23.27,24.2,28.8,26.5,4.600000000000001,1.0000000000000003e-05,36.64602393337911,0.8946158856397333,0.004316216707069474,-0.00580328767499927,DELL230120C00055000
211,88.98999786376953,DELL,Call,2023-01-21,1.819178082191781,664,57.5,24.0,22.1,26.9,24.5,4.799999999999997,1.0000000000000003e-05,34.7286552350354,0.8765286033625733,0.004831580523589228,-0.0064953213990049065,DELL230120C00057500
212,88.98999786376953,DELL,Call,2023-01-21,1.819178082191781,664,60.0,32.5,31.0,34.65,32.825,3.6499999999999986,0.41394629028320307,32.88356255184198,0.857272650036435,0.005338538347192917,-0.007176045826134678,DELL230120C00060000
213,88.98999786376953,DELL,Call,2023-01-21,1.819178082191781,664,62.5,16.4,15.65,20.35,18.0,4.700000000000001,1.0000000000000003e-05,31.111818205879384,0.8369861562090084,0.0058304933995939855,-0.007836627496669564,DELL230120C00062500
214,88.98999786376953,DELL,Call,2023-01-21,1.819178082191781,664,65.0,22.48,24.5,28.25,26.375,3.75,0.31445998046874996,29.413906134519205,0.8158124586745014,0.006301771098020491,-0.008469402904269157,DELL230120C00065000
215,88.98999786376953,DELL,Call,2023-01-21,1.819178082191781,664,67.5,23.0,25.0,27.9,26.45,2.8999999999999986,0.35492588439941397,27.78977869424409,0.7938963070775676,0.006747550361468967,-0.009067930842448103,DELL230120C00067500
216,88.98999786376953,DELL,Call,2023-01-21,1.819178082191781,664,70.0,22.0,23.7,27.8,25.75,4.100000000000001,0.39420161468505865,26.238916424841015,0.7713807099130627,0.0071639689441761675,-0.009626990098240496,DELL230120C00070000
217,88.98999786376953,DELL,Call,2023-01-21,1.819178082191781,664,72.5,21.25,21.3,24.1,22.700000000000003,2.8000000000000007,0.334418276977539,24.76038827011835,0.7484043809107119,0.007547999727659224,-0.010142535754934097,DELL230120C00072500
218,88.98999786376953,DELL,Call,2023-01-21,1.819178082191781,664,75.0,19.61,21.15,24.4,22.775,3.25,0.3777528045654296,23.35291063365271,0.7250997630170479,0.007897454984862067,-0.010611625527765152,DELL230120C00075000
219,88.98999786376953,DELL,Call,2023-01-21,1.819178082191781,664,77.5,19.91,19.85,22.9,21.375,3.049999999999997,0.37293107543945314,22.01490345717764,0.7015915503484401,0.008210909418565268,-0.011032326376992368,DELL230120C00077500
220,88.98999786376953,DELL,Call,2023-01-21,1.819178082191781,664,80.0,19.0,19.5,21.5,20.5,2.0,0.36923848541259763,20.74454285755111,0.6779956575374988,0.008487584601246363,-0.011403609380432823,DELL230120C00080000
221,88.98999786376953,DELL,Call,2023-01-21,1.819178082191781,664,82.5,18.37,16.55,20.85,18.700000000000003,4.300000000000001,0.3813233255004882,19.539809278985036,0.654418575439214,0.00872729877737346,-0.011725239325362699,DELL230120C00082500
222,88.98999786376953,DELL,Call,2023-01-21,1.819178082191781,664,85.0,12.1,13.35,16.65,15.0,3.299999999999999,0.31320877227783206,18.39853133656767,0.6309570296020455,0.008930390984931117,-0.011997664115655353,DELL230120C00085000
223,88.98999786376953,DELL,Call,2023-01-21,1.819178082191781,664,87.5,17.2,15.3,18.75,17.025,3.4499999999999993,0.38278815460205073,17.318424898434927,0.6076979122726198,0.009097640820068743,-0.01222190748993732,DELL230120C00087500
224,88.98999786376953,DELL,Call,2023-01-21,1.819178082191781,664,90.0,15.59,14.3,16.9,15.6,2.599999999999998,0.3645693426513672,16.297127705154832,0.5847184028324462,0.009230123316310927,-0.012399467775209115,DELL230120C00090000
225,88.98999786376953,DELL,Call,2023-01-21,1.819178082191781,664,92.5,16.26,12.6,16.5,14.55,3.9000000000000004,0.37641004455566407,15.332229478328715,0.5620862639863479,0.009329265418220161,-0.012532224307478768,DELL230120C00092500
226,88.98999786376953,DELL,Call,2023-01-21,1.819178082191781,664,95.0,12.1,12.45,14.4,13.425,1.950000000000001,0.3512638116455078,14.421298065891586,0.5398602478273183,0.009396676213253774,-0.012622352442729615,DELL230120C00095000
227,88.98999786376953,DELL,Call,2023-01-21,1.819178082191781,664,97.5,13.36,9.95,14.0,11.975,4.050000000000001,0.36084623535156246,13.561901746379336,0.5180905866433311,0.009434133020227085,-0.012672247633614952,DELL230120C00097500
228,88.98999786376953,DELL,Call,2023-01-21,1.819178082191781,664,100.0,11.0,10.75,13.05,11.9,2.3000000000000007,0.3579165771484375,12.751628008361598,0.49681954729922795,0.009443537759099433,-0.012684458664156779,DELL230120C00100000
229,88.98999786376953,DELL,Call,2023-01-21,1.819178082191781,664,105.0,10.96,7.55,11.65,9.6,4.1000000000000005,0.3596865789794922,11.268985334850159,0.45590608472163874,0.009386087754578857,-0.012606450920325064,DELL230120C00105000
230,88.98999786376953,DELL,Call,2023-01-21,1.819178082191781,664,110.0,7.75,6.5,10.45,8.475,3.9499999999999993,0.3622195126342773,9.954980839430956,0.4173211239335846,0.009240281706485016,-0.012409790110405815,DELL230120C00110000
231,88.98999786376953,DELL,Call,2023-01-21,1.819178082191781,664,115.0,7.47,6.5,8.35,7.425,1.8499999999999996,0.3419865606689453,8.792268801789053,0.3811762793757438,0.009021759499359351,-0.012115500840643566,DELL230120C00115000
232,88.98999786376953,DELL,Call,2023-01-21,1.819178082191781,664,120.0,7.0,3.3,6.6,4.949999999999999,3.3,0.32507999145507804,7.7647236172667435,0.3475112471884239,0.008745229558814955,-0.011743349640536138,DELL230120C00120000
233,88.98999786376953,DELL,Call,2023-01-21,1.819178082191781,664,130.0,4.0,3.85,6.0,4.925,2.15,0.35028725891113277,6.057173238408318,0.28751294541188505,0.008070277163877414,-0.010835488282966085,DELL230120C00130000
0,88.98999786376953,DELL,Put,2021-04-17,0.0547945205479452,20,30.0,0.04,0.0,0.0,0.0,0.0,0.500005,0.0,0.0,0.0,0.0,DELL210416P00030000
1,88.98999786376953,DELL,Put,2021-04-17,0.0547945205479452,20,40.0,0.05,0.0,0.14,0.07,0.14,1.4375028125,0.0,0.0,0.0,0.0,DELL210416P00040000
2,88.98999786376953,DELL,Put,2021-04-17,0.0547945205479452,20,42.5,0.42,0.0,0.2,0.1,0.2,1.40234673828125,0.0,0.0,0.0,0.0,DELL210416P00042500
3,88.98999786376953,DELL,Put,2021-04-17,0.0547945205479452,20,45.0,0.09,0.0,1.0,0.5,1.0,1.7021499267578126,0.0,0.0,0.0,0.0,DELL210416P00045000
4,88.98999786376953,DELL,Put,2021-04-17,0.0547945205479452,20,47.5,0.15,0.0,0.35,0.175,0.35,1.3125034374999998,0.0,0.0,0.0,0.0,DELL210416P00047500
5,88.98999786376953,DELL,Put,2021-04-17,0.0547945205479452,20,50.0,0.25,0.0,0.25,0.125,0.25,1.15625421875,0.0,0.0,0.0,0.0,DELL210416P00050000
6,88.98999786376953,DELL,Put,2021-04-17,0.0547945205479452,20,52.5,0.4,0.0,2.35,1.175,2.35,1.6665055737304688,0.0,0.0,0.0,0.0,DELL210416P00052500
7,88.98999786376953,DELL,Put,2021-04-17,0.0547945205479452,20,55.0,0.14,0.01,0.13,0.07,0.12000000000000001,0.90429783203125,0.0,0.0,0.0,0.0,DELL210416P00055000
8,88.98999786376953,DELL,Put,2021-04-17,0.0547945205479452,20,57.5,0.24,0.0,0.37,0.185,0.37,0.96289099609375,1.223983654461869e-07,-8.930707151420351e-08,6.411683058385749e-08,-6.400762647432369e-08,DELL210416P00057500
9,88.98999786376953,DELL,Put,2021-04-17,0.0547945205479452,20,60.0,0.1,0.0,0.13,0.065,0.13,0.7500025,1.8144185997823886e-06,-1.2110246083377144e-06,7.920575651847322e-07,-8.340850310416e-07,DELL210416P00060000
10,88.98999786376953,DELL,Put,2021-04-17,0.0547945205479452,20,62.5,0.07,0.0,0.34,0.17,0.34,0.789064609375,1.9155577488920323e-05,-1.1641367536497336e-05,6.893609784853446e-06,-7.616271366083623e-06,DELL210416P00062500
11,88.98999786376953,DELL,Put,2021-04-17,0.0547945205479452,20,65.0,0.06,0.0,0.9,0.45,0.9,0.8667005517578125,0.00015050039477437007,-8.294271611380731e-05,4.4223223462366456e-05,-5.0950561961408314e-05,DELL210416P00065000
12,88.98999786376953,DELL,Put,2021-04-17,0.0547945205479452,20,67.5,0.04,0.0,0.39,0.195,0.39,0.657229990234375,0.0009090124557079875,-0.00045223174869222414,0.00021570302324036463,-0.00025767653737412554,DELL210416P00067500
13,88.98999786376953,DELL,Put,2021-04-17,0.0547945205479452,20,70.0,0.1,0.01,0.14,0.07500000000000001,0.13,0.5488326367187502,0.0043439360081005,-0.001941005046966082,0.0008218120595167274,-0.0010126884411952696,DELL210416P00070000
14,88.98999786376953,DELL,Put,2021-04-17,0.0547945205479452,20,72.5,0.06,0.0,0.4,0.2,0.4,0.514653291015625,0.016850388392091152,-0.006724988144172086,0.0025053991943631763,-0.003168481739361491,DELL210416P00072500
15,88.98999786376953,DELL,Put,2021-04-17,0.0547945205479452,20,75.0,0.06,0.01,0.14,0.07500000000000001,0.13,0.414068359375,0.05429395500203546,-0.019237684669273118,0.006240188552706648,-0.00806231460245563,DELL210416P00075000
16,88.98999786376953,DELL,Put,2021-04-17,0.0547945205479452,20,77.5,0.13,0.08,0.18,0.13,0.09999999999999999,0.366217275390625,0.14837788517466388,-0.04637610728967313,0.012936014311565153,-0.017001921486710914,DELL210416P00077500
17,88.98999786376953,DELL,Put,2021-04-17,0.0547945205479452,20,80.0,0.27,0.16,0.23,0.195,0.07,0.3154365332031249,0.3505378593306015,-0.09599822807941234,0.02268880504034137,-0.030216750372278087,DELL210416P00080000
18,88.98999786376953,DELL,Put,2021-04-17,0.0547945205479452,20,82.5,0.57,0.34,0.47,0.405,0.12999999999999995,0.3012765185546875,0.7285358870693169,-0.17362977151354128,0.03416712095333545,-0.04594084743091656,DELL210416P00082500
19,88.98999786376953,DELL,Put,2021-04-17,0.0547945205479452,20,85.0,0.97,0.79,0.92,0.855,0.13,0.2893137475585937,1.3537488211589361,-0.2789273209991712,0.04475796334319886,-0.06055549416198335,DELL210416P00085000
20,88.98999786376953,DELL,Put,2021-04-17,0.0547945205479452,20,87.5,1.8,1.56,1.74,1.65,0.17999999999999994,0.28565167480468745,2.2829349974972555,-0.4042340273656396,0.05160442544276979,-0.07003460261750277,DELL210416P00087500
21,88.98999786376953,DELL,Put,2021-04-17,0.0547945205479452,20,90.0,3.55,2.78,2.99,2.885,0.2100000000000004,0.2863840893554687,3.542571763269358,-0.5364703817077362,0.052921086292594705,-0.07183755103588535,DELL210416P00090000
22,88.98999786376953,DELL,Put,2021-04-17,0.0547945205479452,20,92.5,6.48,3.75,5.0,4.375,1.25,0.335944140625,5.122946044651253,-0.6614213345300191,0.04873167833976768,-0.06599066066509005,DELL210416P00092500
23,88.98999786376953,DELL,Put,2021-04-17,0.0547945205479452,20,95.0,6.35,6.45,7.0,6.725,0.5499999999999998,0.35425450439453116,6.983752448390856,-0.7680643290382646,0.04063992299664202,-0.05476570352356045,DELL210416P00095000
24,88.98999786376953,DELL,Put,2021-04-17,0.0547945205479452,20,105.0,15.6,15.75,16.6,16.175,0.8500000000000014,0.5385788330078126,16.086300696507255,-0.9725169962415391,0.008432226774247263,-0.010901585775362196,DELL210416P00105000
25,88.98999786376953,DELL,Put,2021-04-17,0.0547945205479452,20,110.0,21.4,20.7,22.05,21.375,1.3500000000000014,0.5742230078125,21.02568997559115,-0.9932732991541967,0.0025150834431583876,-0.003135339238573834,DELL210416P00110000
26,88.98999786376953,DELL,Put,2021-05-22,0.1506849315068493,55,80.0,1.0,0.82,1.0,0.9099999999999999,0.18000000000000005,0.3020089331054688,1.4623701511260532,-0.19987328885088507,0.022828969774490965,-0.030681190458642427,DELL210521P00080000
27,88.98999786376953,DELL,Put,2021-05-22,0.1506849315068493,55,82.5,1.4,1.29,1.72,1.505,0.42999999999999994,0.3129951513671875,2.1556555014714798,-0.26805911010807265,0.02687465809393019,-0.03616539115964217,DELL210521P00082500
28,88.98999786376953,DELL,Put,2021-05-22,0.1506849315068493,55,85.0,2.5,2.01,2.18,2.0949999999999998,0.17000000000000037,0.2834544311523437,3.0436449209723344,-0.3438486150266986,0.03001751633779782,-0.04042817501662183,DELL210521P00085000
29,88.98999786376953,DELL,Put,2021-05-22,0.1506849315068493,55,87.5,3.62,3.0,3.15,3.075,0.1499999999999999,0.27930408203124996,4.1364919423818955,-0.42404643829025335,0.03195194610658665,-0.04305033372557941,DELL210521P00087500
30,88.98999786376953,DELL,Put,2021-05-22,0.1506849315068493,55,90.0,4.92,4.2,4.4,4.300000000000001,0.20000000000000018,0.27722890747070306,5.435173966921691,-0.5051661051963856,0.03254102786252957,-0.04384348313342897,DELL210521P00090000
31,88.98999786376953,DELL,Put,2021-07-17,0.3041095890410959,111,30.0,1.32,0.45,0.97,0.71,0.52,1.2021524267578125,0.0,0.0,0.0,0.0,DELL210716P00030000
32,88.98999786376953,DELL,Put,2021-07-17,0.3041095890410959,111,35.0,0.1,0.0,0.35,0.175,0.35,0.81445498046875,1.751376037773934e-06,-5.116989005300873e-07,1.4985408070167266e-07,-1.9161741737775263e-07,DELL210716P00035000
33,88.98999786376953,DELL,Put,2021-07-17,0.3041095890410959,111,40.0,0.25,0.0,0.25,0.125,0.25,0.6728548339843752,5.17734987069806e-05,-1.3228932519814439e-05,3.3713167398738255e-06,-4.368274637935695e-06,DELL210716P00040000
34,88.98999786376953,DELL,Put,2021-07-17,0.3041095890410959,111,42.5,0.37,0.0,1.99,0.995,1.99,0.9179695703125,0.00020887074495076625,-4.9943222913226106e-05,1.187294313392667e-05,-1.5466525267665844e-05,DELL210716P00042500
35,88.98999786376953,DELL,Put,2021-07-17,0.3041095890410959,111,45.0,0.62,0.05,0.75,0.4,0.7,0.7060576269531251,0.0007177598963291347,-0.000160635068711299,3.560618267278054e-05,-4.660628104721667e-05,DELL210716P00045000
36,88.98999786376953,DELL,Put,2021-07-17,0.3041095890410959,111,47.5,0.45,0.0,0.7,0.35,0.7,0.6401403173828125,0.0021484524972073134,-0.00045005881487795557,9.297400663977664e-05,-0.000122197486888258,DELL210716P00047500
37,88.98999786376953,DELL,Put,2021-07-17,0.3041095890410959,111,50.0,0.4,0.0,0.7,0.35,0.7,0.5942423388671876,0.005706182685677674,-0.0011187648095993576,0.0002152481185181679,-0.00028390142452507685,DELL210716P00050000
38,88.98999786376953,DELL,Put,2021-07-17,0.3041095890410959,111,52.5,0.78,0.04,0.0,0.02,-0.04,0.2500075,0.013656474524417463,-0.00250556207634607,0.0004485331719922497,-0.0005934159929408224,DELL210716P00052500
39,88.98999786376953,DELL,Put,2021-07-17,0.3041095890410959,111,55.0,0.24,0.0,0.75,0.375,0.75,0.5151415673828125,0.029836296166804416,-0.005121206907015903,0.0008520106830585098,-0.0011302688903530287,DELL210716P00055000
40,88.98999786376953,DELL,Put,2021-07-17,0.3041095890410959,111,57.5,0.34,0.0,0.3,0.15,0.3,0.454107021484375,0.06016601760723799,-0.009658219313245075,0.0014913179365899731,-0.001983033384611791,DELL210716P00057500
41,88.98999786376953,DELL,Put,2021-07-17,0.3041095890410959,111,60.0,0.16,0.02,0.4,0.21000000000000002,0.38,0.4409235595703125,0.11304449647382389,-0.016964753702716495,0.002427504156013555,-0.0032345034433864557,DELL210716P00060000
42,88.98999786376953,DELL,Put,2021-07-17,0.3041095890410959,111,62.5,0.85,0.07,0.65,0.36,0.5800000000000001,0.4497125341796875,0.19950798601392705,-0.027978683520747442,0.003703708212638811,-0.0049436846436430835,DELL210716P00062500
43,88.98999786376953,DELL,Put,2021-07-17,0.3041095890410959,111,65.0,0.48,0.14,0.6,0.37,0.45999999999999996,0.401373173828125,0.333067203145189,-0.04362876262393616,0.005332782828057208,-0.007128958803352668,DELL210716P00065000
44,88.98999786376953,DELL,Put,2021-07-17,0.3041095890410959,111,67.5,0.53,0.41,0.56,0.485,0.15000000000000008,0.35645174804687496,0.5291968761331379,-0.06471908420842043,0.007289122909101159,-0.009756832124978845,DELL210716P00067500
45,88.98999786376953,DELL,Put,2021-07-17,0.3041095890410959,111,70.0,0.9,0.61,0.79,0.7,0.18000000000000005,0.3498600170898437,0.8045210067308918,-0.09181797715150414,0.009506973517840103,-0.012739298154001707,DELL210716P00070000
46,88.98999786376953,DELL,Put,2021-07-17,0.3041095890410959,111,72.5,1.26,0.91,1.25,1.08,0.33999999999999997,0.3588931298828125,1.1757951360654981,-0.12517164821217966,0.011885363699646493,-0.015940615236636757,DELL210716P00072500
47,88.98999786376953,DELL,Put,2021-07-17,0.3041095890410959,111,75.0,1.86,1.26,1.42,1.3399999999999999,0.15999999999999992,0.3316717224121094,1.6588208339280268,-0.16465714064901893,0.014299224256925714,-0.019192018310737975,DELL210716P00075000
48,88.98999786376953,DELL,Put,2021-07-17,0.3041095890410959,111,77.5,2.46,1.76,1.99,1.875,0.22999999999999998,0.33179379150390625,2.2674315558292104,-0.20978067014082644,0.016613762895249722,-0.022311243594892293,DELL210716P00077500
49,88.98999786376953,DELL,Put,2021-07-17,0.3041095890410959,111,80.0,3.35,2.34,2.59,2.465,0.25,0.3249579223632812,3.0126668759761372,-0.2597186681475224,0.01869956871836503,-0.025123086415335342,DELL210716P00080000
50,88.98999786376953,DELL,Put,2021-07-17,0.3041095890410959,111,82.5,3.9,3.05,3.3,3.175,0.25,0.31690136230468746,3.902212821721381,-0.313391990228915,0.020445910124914583,-0.027477518512109,DELL210716P00082500
51,88.98999786376953,DELL,Put,2021-07-17,0.3041095890410959,111,85.0,4.65,3.95,4.25,4.1,0.2999999999999998,0.31445998046874996,4.940139881371513,-0.36955992054811865,0.021770596054525197,-0.02926288633552612,DELL210716P00085000
52,88.98999786376953,DELL,Put,2021-07-17,0.3041095890410959,111,87.5,5.95,5.05,5.55,5.3,0.5,0.3219061950683593,6.126928430673681,-0.426919787520285,0.022624838754302164,-0.030412993316744772,DELL210716P00087500
53,88.98999786376953,DELL,Put,2021-07-17,0.3041095890410959,111,90.0,7.0,6.4,6.6,6.5,0.1999999999999993,0.30799031860351556,7.459738529380769,-0.48419985561965107,0.022994055042169538,-0.030908102944242666,DELL210716P00090000
54,88.98999786376953,DELL,Put,2021-07-17,0.3041095890410959,111,92.5,9.0,7.7,8.35,8.025,0.6499999999999995,0.3219061950683593,8.932861620446419,-0.5402364439061099,0.02289516759962418,-0.03077083131065931,DELL210716P00092500
55,88.98999786376953,DELL,Put,2021-07-17,0.3041095890410959,111,100.0,13.4,13.05,13.55,13.3,0.5,0.31909860595703116,14.10611267970409,-0.6918959192100154,0.020296613593431875,-0.027252070262461226,DELL210716P00100000
56,88.98999786376953,DELL,Put,2021-07-17,0.3041095890410959,111,105.0,19.4,17.15,17.6,17.375,0.45000000000000284,0.31836619140624994,18.075684467545067,-0.773883995639193,0.017350057829633902,-0.02327082657305684,DELL210716P00105000
57,88.98999786376953,DELL,Put,2021-07-17,0.3041095890410959,111,120.0,32.1,30.85,32.1,31.475,1.25,0.4167538793945312,31.550333628213785,-0.9246882316918424,0.008196126360170088,-0.010933191836333303,DELL210716P00120000
58,88.98999786376953,DELL,Put,2021-10-16,0.5534246575342465,202,55.0,0.92,0.18,1.1,0.64,0.9200000000000002,0.4887746435546876,0.23824128656421684,-0.024649107212817697,0.002474521828507233,-0.0033101134053894555,DELL211015P00055000
59,88.98999786376953,DELL,Put,2021-10-16,0.5534246575342465,202,60.0,1.3,0.51,0.8,0.655,0.29000000000000004,0.383795224609375,0.5542236825619415,-0.051103092477351585,0.004496299815631739,-0.006022503162883217,DELL211015P00060000
60,88.98999786376953,DELL,Put,2021-10-16,0.5534246575342465,202,70.0,2.07,1.59,1.89,1.74,0.2999999999999998,0.3437565625,2.010321905512822,-0.14766286983914145,0.009885414287160285,-0.013262787224405385,DELL211015P00070000
61,88.98999786376953,DELL,Put,2021-10-16,0.5534246575342465,202,72.5,3.2,2.05,2.35,2.2,0.30000000000000027,0.33704276245117193,2.602464521367831,-0.18069644186226932,0.01126983796721447,-0.015124019125755556,DELL211015P00072500
62,88.98999786376953,DELL,Put,2021-10-16,0.5534246575342465,202,75.0,3.48,2.62,2.94,2.7800000000000002,0.31999999999999984,0.33301448242187504,3.3005836225754592,-0.21668006931627531,0.012575556748513635,-0.016879637703063704,DELL211015P00075000
63,88.98999786376953,DELL,Put,2021-10-16,0.5534246575342465,202,77.5,3.6,3.4,3.6,3.5,0.20000000000000018,0.32758240783691406,4.109207792079021,-0.2551297173862652,0.013761707729614816,-0.018474532800652057,DELL211015P00077500
64,88.98999786376953,DELL,Put,2021-10-16,0.5534246575342465,202,87.5,8.7,7.2,7.55,7.375,0.34999999999999964,0.3159858441162109,8.478576689555354,-0.4224202533341777,0.016768834684554288,-0.022515393540451352,DELL211015P00087500
65,88.98999786376953,DELL,Put,2021-12-18,0.726027397260274,265,27.5,0.97,0.0,1.19,0.595,1.19,0.8085956640624999,0.00015496440828854368,-2.4363387901325488e-05,3.906247429652133e-06,-5.172610890700468e-06,DELL211217P00027500
66,88.98999786376953,DELL,Put,2021-12-18,0.726027397260274,265,35.0,0.85,0.87,1.13,1.0,0.2599999999999999,0.7316921362304687,0.0043017953505816485,-0.0005599989135428963,7.386819675381022e-05,-9.831031922156579e-05,DELL211217P00035000
67,88.98999786376953,DELL,Put,2021-12-18,0.726027397260274,265,40.0,1.45,0.0,0.0,0.0,0.0,0.2500075,0.021172285734754312,-0.002448201088843363,0.0002850056467418503,-0.00038022773061930547,DELL211217P00040000
68,88.98999786376953,DELL,Put,2021-12-18,0.726027397260274,265,42.5,0.01,0.0,0.87,0.435,0.87,0.5773968041992188,0.04124976800209842,-0.0045026703350444525,0.0004929276743623239,-0.0006581886710305522,DELL211217P00042500
69,88.98999786376953,DELL,Put,2021-12-18,0.726027397260274,265,45.0,1.1,0.87,1.42,1.145,0.5499999999999999,0.5754436987304687,0.07493943398020009,-0.007728859920479506,0.0007959015803081362,-0.0010636199633429352,DELL211217P00045000
70,88.98999786376953,DELL,Put,2021-12-18,0.726027397260274,265,47.5,1.58,0.63,0.83,0.73,0.19999999999999996,0.49658706542968756,0.12818032039619334,-0.01250039889352728,0.0012111621478640034,-0.0016197117576360327,DELL211217P00047500
71,88.98999786376953,DELL,Put,2021-12-18,0.726027397260274,265,50.0,0.34,0.12,0.4,0.26,0.28,0.39551385742187506,0.20807154197920394,-0.019200660619065543,0.0017505356836912038,-0.002342477755320084,DELL211217P00050000
72,88.98999786376953,DELL,Put,2021-12-18,0.726027397260274,265,52.5,1.09,0.78,1.14,0.96,0.3599999999999999,0.4646049633789063,0.32267720534019195,-0.02819324916066956,0.0024186079619398218,-0.0032382344328014743,DELL211217P00052500
73,88.98999786376953,DELL,Put,2021-12-18,0.726027397260274,265,55.0,0.9,0.02,0.69,0.355,0.6699999999999999,0.38086556640624997,0.4807437674184406,-0.03979339451731874,0.0032118297478500256,-0.004302255648205378,DELL211217P00055000
74,88.98999786376953,DELL,Put,2021-12-18,0.726027397260274,265,57.5,2.35,1.2,1.8,1.5,0.6000000000000001,0.4555718505859375,0.6913606077503265,-0.05424367313629093,0.004118304909584951,-0.005518714161596282,DELL211217P00057500
75,88.98999786376953,DELL,Put,2021-12-18,0.726027397260274,265,60.0,1.25,0.91,1.14,1.025,0.22999999999999987,0.36804831176757813,0.9635978086135321,-0.07169646688998378,0.005118804351677499,-0.006861798422857328,DELL211217P00060000
76,88.98999786376953,DELL,Put,2021-12-18,0.726027397260274,265,62.5,5.2,1.53,5.85,3.69,4.319999999999999,0.5054981091308592,1.3061536660980957,-0.09220434594971119,0.006188169476108805,-0.008297736266925078,DELL211217P00062500
77,88.98999786376953,DELL,Put,2021-12-18,0.726027397260274,265,65.0,5.5,3.6,8.25,5.925,4.65,0.5811199114990235,1.7270384674845807,-0.11571839861468844,0.007297286953802841,-0.009787379457967564,DELL211217P00065000
78,88.98999786376953,DELL,Put,2021-12-18,0.726027397260274,265,67.5,2.11,1.86,2.43,2.145,0.5700000000000001,0.36304347900390627,2.233313532089949,-0.1420936647876338,0.008415111662591701,-0.011288996917943803,DELL211217P00067500
79,88.98999786376953,DELL,Put,2021-12-18,0.726027397260274,265,70.0,2.51,2.44,2.71,2.575,0.27,0.34534346069335936,2.830896656017098,-0.1711002280040668,0.009510759336435203,-0.012760968215599489,DELL211217P00070000
80,88.98999786376953,DELL,Put,2021-12-18,0.726027397260274,265,72.5,6.85,3.6,4.05,3.825,0.44999999999999973,0.3758607336425781,3.5244373042120833,-0.20243825647722358,0.010555153362981629,-0.01416414525643338,DELL211217P00072500
81,88.98999786376953,DELL,Put,2021-12-18,0.726027397260274,265,75.0,14.7,8.95,12.65,10.8,3.700000000000001,0.612979944458008,4.317258961538635,-0.2357552566800855,0.011522468762578153,-0.015463734450716703,DELL211217P00075000
82,88.98999786376953,DELL,Put,2021-12-18,0.726027397260274,265,80.0,6.1,5.4,5.7,5.550000000000001,0.2999999999999998,0.33264827514648443,6.207476121596739,-0.3067597091321948,0.013144172857532397,-0.01764220203996196,DELL211217P00080000
83,88.98999786376953,DELL,Put,2021-12-18,0.726027397260274,265,82.5,6.65,6.25,6.7,6.475,0.4500000000000002,0.3300237896728515,7.305154144621449,-0.34363592193089154,0.013770056240376992,-0.018482576974528563,DELL211217P00082500
84,88.98999786376953,DELL,Put,2021-12-18,0.726027397260274,265,85.0,7.95,7.25,7.85,7.55,0.5999999999999996,0.32910827148437494,8.502891643182437,-0.38089778781812456,0.014261845224915233,-0.019142504130408626,DELL211217P00085000
85,88.98999786376953,DELL,Put,2021-12-18,0.726027397260274,265,90.0,10.45,9.8,10.35,10.075,0.5499999999999989,0.3238593005371093,11.188084310243012,-0.45512045184686895,0.014837940216674755,-0.019914090517415897,DELL211217P00090000
86,88.98999786376953,DELL,Put,2021-12-18,0.726027397260274,265,95.0,31.8,29.2,30.7,29.95,1.5,0.8771374591064454,14.235307835515066,-0.5268527163203581,0.014898978043418757,-0.01999258471270316,DELL211217P00095000
87,88.98999786376953,DELL,Put,2021-12-18,0.726027397260274,265,100.0,30.83,25.25,29.1,27.175,3.8500000000000014,0.6691927612304689,17.609070024523067,-0.5941447143200459,0.01451540752242332,-0.019473001803943343,DELL211217P00100000
88,88.98999786376953,DELL,Put,2021-12-18,0.726027397260274,265,105.0,20.65,19.55,20.35,19.950000000000003,0.8000000000000007,0.31830515686035155,21.270176620225087,-0.6556963496116238,0.013781408429519264,-0.018482168393472703,DELL211217P00105000
89,88.98999786376953,DELL,Put,2021-12-18,0.726027397260274,265,115.0,38.9,30.15,30.75,30.45,0.6000000000000014,0.41010111389160153,29.297321936731475,-0.759222464012193,0.011658757626901271,-0.015621152547940841,DELL211217P00115000
90,88.98999786376953,DELL,Put,2022-01-22,0.821917808219178,300,15.0,0.01,0.0,0.23,0.115,0.23,0.8710950390625,1.0611597368537687e-09,-2.0886980611228607e-10,4.2201115079480015e-11,-5.534302292154923e-11,DELL220121P00015000
91,88.98999786376953,DELL,Put,2022-01-22,0.821917808219178,300,17.5,0.05,0.0,0.18,0.09,0.18,0.77148666015625,4.062609531677364e-07,-7.556613618017998e-08,1.4431813476039402e-08,-1.898268043363423e-08,DELL220121P00017500
92,88.98999786376953,DELL,Put,2022-01-22,0.821917808219178,300,20.0,0.05,0.0,0.84,0.42,0.84,0.8955088574218748,3.892598952510815e-06,-6.704627228017355e-07,1.1854775466759594e-07,-1.564012711499355e-07,DELL220121P00020000
93,88.98999786376953,DELL,Put,2022-01-22,0.821917808219178,300,22.5,0.35,0.0,0.28,0.14,0.28,0.694338994140625,2.498958876692494e-05,-4.003063678513914e-06,6.575570969761734e-07,-8.700731633270049e-07,DELL220121P00022500
94,88.98999786376953,DELL,Put,2022-01-22,0.821917808219178,300,25.0,0.05,0.0,4.35,2.175,4.35,1.1120649865722658,0.00011858622823428433,-1.77309138969784e-05,2.715821887796069e-06,-3.600951824596736e-06,DELL220121P00025000
95,88.98999786376953,DELL,Put,2022-01-22,0.821917808219178,300,27.5,4.0,0.0,0.0,0.0,0.0,0.2500075,0.0004452089169528501,-6.231218417386582e-05,8.923469933107628e-06,-1.1850415160727809e-05,DELL220121P00027500
96,88.98999786376953,DELL,Put,2022-01-22,0.821917808219178,300,30.0,0.02,0.0,0.23,0.115,0.23,0.5400436621093752,0.0013882814277178803,-0.00018231682404758773,2.4453479114687737e-05,-3.2524904923594136e-05,DELL220121P00030000
97,88.98999786376953,DELL,Put,2022-01-22,0.821917808219178,300,32.5,1.37,0.0,0.53,0.265,0.53,0.5698285205078125,0.003726658312889533,-0.00046011935483830424,5.78870737437109e-05,-7.710633212824292e-05,DELL220121P00032500
98,88.98999786376953,DELL,Put,2022-01-22,0.821917808219178,300,35.0,0.56,0.0,0.76,0.38,0.76,0.5649457568359376,0.00884728271295938,-0.0010287113899525326,0.00012158639532009962,-0.0001621149797130296,DELL220121P00035000
99,88.98999786376953,DELL,Put,2022-01-22,0.821917808219178,300,37.5,0.58,0.1,0.47,0.285,0.37,0.5009815527343751,0.0189659041152975,-0.0020797817028521586,0.0002311366183557457,-0.0003084865945904418,DELL220121P00037500
100,88.98999786376953,DELL,Put,2022-01-22,0.821917808219178,300,40.0,0.57,0.0,0.54,0.27,0.54,0.52539537109375,0.0373153202062403,-0.003863996626120431,0.00040411732615646637,-0.000539806927128543,DELL220121P00040000
101,88.98999786376953,DELL,Put,2022-01-22,0.821917808219178,300,42.5,0.21,0.01,0.91,0.46,0.9,0.5483443603515626,0.0682633193279503,-0.006682193026188923,0.0006580827435533615,-0.0008796837131182584,DELL220121P00042500
102,88.98999786376953,DELL,Put,2022-01-22,0.821917808219178,300,45.0,0.42,0.06,0.38,0.22,0.32,0.42627526855468756,0.1173344678608587,-0.010868276184602092,0.0010083282489375606,-0.0013487590028872158,DELL220121P00045000
103,88.98999786376953,DELL,Put,2022-01-22,0.821917808219178,300,47.5,0.65,0.0,0.45,0.225,0.45,0.4096738720703125,0.19112670710363866,-0.01676623151028834,0.0014659411077483017,-0.001961921129174074,DELL220121P00047500
104,88.98999786376953,DELL,Put,2022-01-22,0.821917808219178,300,50.0,0.72,0.0,0.47,0.235,0.47,0.383795224609375,0.2971304217720979,-0.024704612372781896,0.002036000555554209,-0.002726183006675111,DELL220121P00050000
105,88.98999786376953,DELL,Put,2022-01-22,0.821917808219178,300,52.5,1.8,0.66,2.14,1.4000000000000001,1.48,0.5231981274414061,0.4434707191371566,-0.0349719110050972,0.00271699452502667,-0.0036395124894331643,DELL220121P00052500
106,88.98999786376953,DELL,Put,2022-01-22,0.821917808219178,300,55.0,0.67,0.51,0.87,0.69,0.36,0.3781800463867187,0.6386013281191706,-0.04779568418213415,0.003500466560779834,-0.004690696446996045,DELL220121P00055000
107,88.98999786376953,DELL,Put,2022-01-22,0.821917808219178,300,57.5,0.98,0.72,1.33,1.025,0.6100000000000001,0.39148557739257805,0.8909804051585217,-0.06332736285897202,0.004371819829619193,-0.0058601452812294275,DELL220121P00057500
108,88.98999786376953,DELL,Put,2022-01-22,0.821917808219178,300,60.0,1.2,1.07,1.53,1.3,0.45999999999999996,0.3767152172851562,1.2087565583366207,-0.08163367233205529,0.005311360952144981,-0.00712142558940788,DELL220121P00060000
109,88.98999786376953,DELL,Put,2022-01-22,0.821917808219178,300,62.5,4.05,1.42,2.17,1.795,0.75,0.38892212646484375,1.5994874184917858,-0.10269462922167867,0.006295803682652243,-0.008443252201853744,DELL220121P00062500
110,88.98999786376953,DELL,Put,2022-01-22,0.821917808219178,300,65.0,1.9,1.75,2.0,1.875,0.25,0.34754070434570306,2.069906928563646,-0.12640741177577533,0.0072998905443801415,-0.009791667546247532,DELL220121P00065000
111,88.98999786376953,DELL,Put,2022-01-22,0.821917808219178,300,67.5,6.55,4.95,5.75,5.35,0.7999999999999998,0.4991505163574219,2.6257499220914378,-0.15259491785232912,0.00829799744991495,-0.011132172584594993,DELL220121P00067500
112,88.98999786376953,DELL,Put,2022-01-22,0.821917808219178,300,70.0,2.93,2.52,2.99,2.755,0.4700000000000002,0.338324487915039,3.271636778830624,-0.18101764644923105,0.00926545470177039,-0.012431628849696398,DELL220121P00070000
113,88.98999786376953,DELL,Put,2022-01-22,0.821917808219178,300,72.5,3.78,3.2,3.6,3.4000000000000004,0.3999999999999999,0.3339300006103516,4.011015889957721,-0.2113875125840064,0.010179860456781752,-0.013659814623935744,DELL220121P00072500
114,88.98999786376953,DELL,Put,2022-01-22,0.821917808219178,300,75.0,4.44,4.05,4.4,4.225,0.35000000000000053,0.3339300006103516,4.846157687259304,-0.2433823646516603,0.011021785244603228,-0.014790578971549595,DELL220121P00075000
115,88.98999786376953,DELL,Put,2022-01-22,0.821917808219178,300,77.5,4.15,4.85,5.2,5.025,0.35000000000000053,0.33020689331054687,5.778192426566292,-0.2766601649069524,0.011775404966095792,-0.01580258411984307,DELL220121P00077500
116,88.98999786376953,DELL,Put,2022-01-22,0.821917808219178,300,80.0,6.6,5.75,6.1,5.925,0.34999999999999964,0.32684999328613284,6.807182388691808,-0.31087205930296413,0.012428638649895905,-0.016679665760493786,DELL220121P00080000
117,88.98999786376953,DELL,Put,2022-01-22,0.821917808219178,300,82.5,7.8,6.75,7.15,6.95,0.40000000000000036,0.3253851641845703,7.932219253209899,-0.3456738284107973,0.01297347860289561,-0.017410863445932682,DELL220121P00082500
118,88.98999786376953,DELL,Put,2022-01-22,0.821917808219178,300,85.0,14.75,8.9,9.35,9.125,0.4499999999999993,0.35816071533203125,9.151538114774544,-0.38073541024951874,0.013405363574789088,-0.017990185903693952,DELL220121P00085000
119,88.98999786376953,DELL,Put,2022-01-22,0.821917808219178,300,87.5,10.35,9.05,9.45,9.25,0.3999999999999986,0.31958688232421867,10.462640225635846,-0.4157483860481627,0.01372328368967648,-0.018416179768313702,DELL220121P00087500
120,88.98999786376953,DELL,Put,2022-01-22,0.821917808219178,300,90.0,10.77,10.3,10.8,10.55,0.5,0.31854929504394525,11.862418474200473,-0.4504314867686714,0.013929133654433273,-0.01869136660690059,DELL220121P00090000
121,88.98999786376953,DELL,Put,2022-01-22,0.821917808219178,300,100.0,20.2,16.4,16.9,16.65,0.5,0.3079292840576171,18.271524243489225,-0.5813506386050967,0.013745320218836484,-0.018437560655000868,DELL220121P00100000
122,88.98999786376953,DELL,Put,2022-01-22,0.821917808219178,300,110.0,25.11,23.4,24.35,23.875,0.9500000000000028,0.2999337585449219,25.768857948923493,-0.6928050738081563,0.012365897864698517,-0.016576311602795553,DELL220121P00110000
123,88.98999786376953,DELL,Put,2022-01-22,0.821917808219178,300,115.0,29.19,27.65,28.95,28.299999999999997,1.3000000000000007,0.3166572241210937,29.838369877514,-0.7398973908845737,0.011417790151307129,-0.015298689842952075,DELL220121P00115000
124,88.98999786376953,DELL,Put,2022-06-18,1.2246575342465753,447,37.5,0.3,0.1,0.39,0.245,0.29000000000000004,0.43408769042968753,0.10282480186974748,-0.007909303666083497,0.000625868336672589,-0.0008377608538560801,DELL220617P00037500
125,88.98999786376953,DELL,Put,2022-06-18,1.2246575342465753,447,40.0,1.02,0.0,0.6,0.3,0.6,0.43994700683593746,0.168669355954641,-0.012306108131064331,0.0009206893831655749,-0.0012328534295858963,DELL220617P00040000
126,88.98999786376953,DELL,Put,2022-06-18,1.2246575342465753,447,50.0,3.14,0.58,4.2,2.39,3.62,0.5804485314941408,0.7863925111092568,-0.046993649978718514,0.00283061926079225,-0.0037942923148543144,DELL220617P00050000
127,88.98999786376953,DELL,Put,2022-06-18,1.2246575342465753,447,55.0,1.55,1.2,1.54,1.37,0.3400000000000001,0.3610903735351562,1.4035174297171273,-0.07634261335505713,0.004138157863730283,-0.005548752878681061,DELL220617P00055000
128,88.98999786376953,DELL,Put,2022-06-18,1.2246575342465753,447,60.0,2.3,0.06,2.25,1.155,2.19,0.34955484436035156,2.290464580392102,-0.11375640884298865,0.005554951760016264,-0.007450188958801672,DELL220617P00060000
129,88.98999786376953,DELL,Put,2022-06-18,1.2246575342465753,447,62.5,2.65,1.73,2.72,2.225,0.9900000000000002,0.34570966796874997,2.8464325787653033,-0.1352269190112673,0.006269166696260132,-0.008408762663203114,DELL220617P00062500
130,88.98999786376953,DELL,Put,2022-06-18,1.2246575342465753,447,65.0,3.25,2.27,3.25,2.76,0.98,0.3418644915771484,3.4817643607296986,-0.15832758237345482,0.006969274551157478,-0.009348425481149124,DELL220617P00065000
131,88.98999786376953,DELL,Put,2022-06-18,1.2246575342465753,447,67.5,3.85,2.66,3.85,3.255,1.19,0.3382634533691406,4.198671193568219,-0.18286742672845493,0.007643200361509144,-0.010252929291324858,DELL220617P00067500
132,88.98999786376953,DELL,Put,2022-06-18,1.2246575342465753,447,72.5,6.05,4.75,5.25,5.0,0.5,0.3306951696777344,5.881995155115005,-0.23542846310234197,0.00887195465559593,-0.011901864304294373,DELL220617P00072500
133,88.98999786376953,DELL,Put,2022-06-18,1.2246575342465753,447,75.0,12.25,10.0,15.0,12.5,5.0,0.5237474383544922,6.848936647101605,-0.2630163974011011,0.009410763471988121,-0.012624810874683697,DELL220617P00075000
134,88.98999786376953,DELL,Put,2022-06-18,1.2246575342465753,447,87.5,11.9,10.65,11.6,11.125,0.9499999999999993,0.31793894958496094,12.892558889525125,-0.40577605366245373,0.011183990021986247,-0.015001659257725187,DELL220617P00087500
135,88.98999786376953,DELL,Put,2022-12-17,1.7232876712328766,629,30.0,0.29,0.19,0.51,0.35,0.32,0.47461462890625,0.07299655991164868,-0.004873568552273584,0.00034373315184399445,-0.00046026984551289057,DELL221216P00030000
136,88.98999786376953,DELL,Put,2022-12-17,1.7232876712328766,629,32.5,1.92,0.12,0.66,0.39,0.54,0.4655815161132813,0.12563981165177868,-0.007944834714590461,0.0005298634024658734,-0.0007097036332981898,DELL221216P00032500
137,88.98999786376953,DELL,Put,2022-12-17,1.7232876712328766,629,35.0,1.27,0.17,0.56,0.36500000000000005,0.39,0.42017181396484377,0.2031419370119775,-0.012191188112608492,0.000770107683141912,-0.0010317379417493081,DELL221216P00035000
138,88.98999786376953,DELL,Put,2022-12-17,1.7232876712328766,629,37.5,1.3,0.0,0.0,0.0,0.0,0.12500875,0.31176861922086196,-0.01778848462844443,0.0010658317478810116,-0.0014282232149900455,DELL221216P00037500
139,88.98999786376953,DELL,Put,2022-12-17,1.7232876712328766,629,40.0,1.95,0.17,0.9,0.535,0.73,0.4050352465820312,0.4578986045941502,-0.024878376943795393,0.0014156174586747098,-0.0018972820373394173,DELL221216P00040000
140,88.98999786376953,DELL,Put,2022-12-17,1.7232876712328766,629,42.5,1.49,0.11,1.07,0.5900000000000001,0.9600000000000001,0.3939269592285156,0.6477933972198163,-0.033562269276623286,0.0018155839062071692,-0.002433679192943864,DELL221216P00042500
141,88.98999786376953,DELL,Put,2022-12-17,1.7232876712328766,629,45.0,1.8,1.42,2.17,1.795,0.75,0.4456842541503906,0.8873990213855287,-0.043898862418962355,0.002259732003503383,-0.0030294129450274027,DELL221216P00045000
142,88.98999786376953,DELL,Put,2022-12-17,1.7232876712328766,629,47.5,2.4,1.66,2.46,2.06,0.8,0.4334773449707031,1.1821873852757434,-0.05590471617664595,0.002740575050069219,-0.0036744158763399627,DELL221216P00047500
143,88.98999786376953,DELL,Put,2022-12-17,1.7232876712328766,629,50.0,3.3,1.76,2.21,1.9849999999999999,0.44999999999999996,0.39160764648437496,1.5370393423442115,-0.0695571068698146,0.0032496088346641006,-0.004357275401257866,DELL221216P00050000
144,88.98999786376953,DELL,Put,2022-12-17,1.7232876712328766,629,52.5,7.78,0.0,0.0,0.0,0.0,0.062509375,1.9561676799695873,-0.08479846201992015,0.003777828689906287,-0.0050659097001225836,DELL221216P00052500
145,88.98999786376953,DELL,Put,2022-12-17,1.7232876712328766,629,55.0,4.9,4.05,5.25,4.65,1.2000000000000002,0.47058634887695316,2.443075677040718,-0.10154172344833846,0.004316182180048338,-0.00578815902456137,DELL221216P00055000
146,88.98999786376953,DELL,Put,2022-12-17,1.7232876712328766,629,60.0,5.94,3.7,4.2,3.95,0.5,0.3732362481689453,3.630654185172159,-0.13907286173520905,0.005388904786559684,-0.007227276651773429,DELL221216P00060000
147,88.98999786376953,DELL,Put,2022-12-17,1.7232876712328766,629,62.5,16.34,12.65,15.3,13.975000000000001,2.6500000000000004,0.6567417138671876,4.334799897451786,-0.1595906807931525,0.0059077293759513755,-0.007923255238574189,DELL221216P00062500
148,88.98999786376953,DELL,Put,2022-12-17,1.7232876712328766,629,65.0,7.45,4.1,4.75,4.425,0.6500000000000004,0.33978931701660153,5.11375282108257,-0.18108067555030674,0.006405896376637373,-0.008591509141336828,DELL221216P00065000
149,88.98999786376953,DELL,Put,2022-12-17,1.7232876712328766,629,67.5,10.16,5.6,6.35,5.975,0.75,0.36322658264160157,5.967706733479485,-0.20339068617808923,0.0068779576105150834,-0.00922465197482322,DELL221216P00067500
150,88.98999786376953,DELL,Put,2022-12-17,1.7232876712328766,629,70.0,10.63,5.95,6.5,6.225,0.5499999999999998,0.34039966247558595,6.896338866933884,-0.22636896118087063,0.0073193863966224725,-0.009816631980863579,DELL221216P00070000
151,88.98999786376953,DELL,Put,2022-12-17,1.7232876712328766,629,77.5,9.32,6.9,9.15,8.025,2.25,0.32770447692871096,10.120620727257336,-0.2978611608513215,0.00842905650538409,-0.011304226336360626,DELL221216P00077500
152,88.98999786376953,DELL,Put,2022-12-17,1.7232876712328766,629,85.0,12.79,11.95,14.15,13.05,2.200000000000001,0.3558108853149413,13.968522703075772,-0.3704628220125633,0.009187069758635605,-0.01231923717029746,DELL221216P00085000
153,88.98999786376953,DELL,Put,2022-12-17,1.7232876712328766,629,90.0,21.05,15.8,20.2,18.0,4.399999999999999,0.4254818194580079,16.85211325901501,-0.41803969006861186,0.009497832499443833,-0.012734493901721647,DELL221216P00090000
154,88.98999786376953,DELL,Put,2023-01-21,1.819178082191781,664,30.0,2.15,0.0,0.6,0.3,0.6,0.47681187255859375,0.09013872544642354,-0.005731650693782999,0.00038647776837839605,-0.0005176046012707086,DELL230120P00030000
155,88.98999786376953,DELL,Put,2023-01-21,1.819178082191781,664,32.5,0.55,0.4,0.71,0.5549999999999999,0.30999999999999994,0.459966337890625,0.15178230739643764,-0.009146443418663584,0.0005835709025561865,-0.0007817607250984094,DELL230120P00032500
156,88.98999786376953,DELL,Put,2023-01-21,1.819178082191781,664,35.0,0.6,0.4,0.82,0.61,0.41999999999999993,0.4426325268554688,0.2407905436595321,-0.013778945563188328,0.0008332644253391308,-0.001116493298230178,DELL230120P00035000
157,88.98999786376953,DELL,Put,2023-01-21,1.819178082191781,664,37.5,0.64,0.4,0.97,0.685,0.57,0.4293269958496094,0.36346468247806335,-0.019786176384614294,0.0011357434341842246,-0.0015220679491734896,DELL230120P00037500
158,88.98999786376953,DELL,Put,2023-01-21,1.819178082191781,664,40.0,1.05,0.75,1.2,0.975,0.44999999999999996,0.42200285034179685,0.5260937540014211,-0.027288400742224758,0.0014886548792473959,-0.001995318712091489,DELL230120P00040000
159,88.98999786376953,DELL,Put,2023-01-21,1.819178082191781,664,42.5,1.0,0.6,1.46,1.03,0.86,0.41480077392578124,0.7347393469280146,-0.036365135545375585,0.0018874173844775069,-0.002530125431305885,DELL230120P00042500
160,88.98999786376953,DELL,Put,2023-01-21,1.819178082191781,664,45.0,1.4,1.1,2.76,1.93,1.6599999999999997,0.467778759765625,0.9950588615813553,-0.04705443228269299,0.002325741088112122,-0.0031180452243154723,DELL230120P00045000
161,88.98999786376953,DELL,Put,2023-01-21,1.819178082191781,664,47.5,1.6,1.22,1.69,1.455,0.47,0.37683728637695313,1.3121711704448191,-0.05935475332644125,0.002796115740486849,-0.0037489992161908728,DELL230120P00047500
162,88.98999786376953,DELL,Put,2023-01-21,1.819178082191781,664,50.0,2.0,1.58,3.2,2.39,1.62,0.43103596313476567,1.6905640787329674,-0.07322868508529219,0.003290314808448217,-0.004411940821063717,DELL230120P00050000
163,88.98999786376953,DELL,Put,2023-01-21,1.819178082191781,664,52.5,2.1,1.8,2.86,2.33,1.0599999999999998,0.38733522827148437,2.1340394422092657,-0.08860781029214596,0.003799834913036322,-0.00509545740018638,DELL230120P00052500
164,88.98999786376953,DELL,Put,2023-01-21,1.819178082191781,664,55.0,2.75,2.24,2.76,2.5,0.5199999999999996,0.356878989868164,2.645691127205393,-0.10539816326339664,0.004316282886355169,-0.0057882778378680385,DELL230120P00055000
165,88.98999786376953,DELL,Put,2023-01-21,1.819178082191781,664,57.5,3.44,2.9,3.25,3.075,0.3500000000000001,0.3526065716552734,3.2279092565148315,-0.12348581344996322,0.00483168072743589,-0.006479675809527731,DELL230120P00057500
166,88.98999786376953,DELL,Put,2023-01-21,1.819178082191781,664,60.0,4.04,3.0,3.85,3.425,0.8500000000000001,0.350470362548828,3.8824051858337483,-0.14274225147742142,0.005338687836843007,-0.007159769284555266,DELL230120P00060000
167,88.98999786376953,DELL,Put,2023-01-21,1.819178082191781,664,62.5,6.55,1.51,5.0,3.255,3.49,0.36475244628906256,4.610251585022431,-0.16302935017013578,0.0058306723400866865,-0.007819724744615878,DELL230120P00062500
168,88.98999786376953,DELL,Put,2023-01-21,1.819178082191781,664,65.0,4.8,2.55,5.55,4.05,3.0,0.3560245062255859,5.411932723409061,-0.1842037755080456,0.0063020007247289855,-0.008451878589260832,DELL230120P00065000
169,88.98999786376953,DELL,Put,2023-01-21,1.819178082191781,664,67.5,10.55,8.25,11.35,9.8,3.0999999999999996,0.49432878723144535,6.287401281867965,-0.20612078137292322,0.006747822939702416,-0.009049789488787957,DELL230120P00067500
170,88.98999786376953,DELL,Put,2023-01-21,1.819178082191781,664,70.0,9.75,7.15,10.65,8.9,3.5,0.44385321777343745,7.236138100317793,-0.2286373599393685,0.007164295883257779,-0.009608236077937454,DELL230120P00070000
171,88.98999786376953,DELL,Put,2023-01-21,1.819178082191781,664,72.5,6.95,5.25,7.6,6.425,2.3499999999999996,0.33447931152343746,8.257212412506851,-0.25161479994203084,0.007548380299991618,-0.010123173274456778,DELL230120P00072500
172,88.98999786376953,DELL,Put,2023-01-21,1.819178082191781,664,77.5,14.0,7.95,10.85,9.4,2.8999999999999995,0.3598391653442382,10.510943751746487,-0.29843024133440904,0.008211408173130888,-0.011011758863984275,DELL230120P00077500
173,88.98999786376953,DELL,Put,2023-01-21,1.819178082191781,664,80.0,10.2,7.6,10.85,9.225,3.25,0.33103085968017576,11.740197335070281,-0.3220276346759654,0.008488148422364037,-0.011382444912786371,DELL230120P00080000
